point,slow,medium,fast,forwardReturn
P0001,-4.998324912156817,-5.656568535923623,-3.576972219703495,0.09055364870914806
P0002,-3.7146971231217627,-4.588427077520313,-2.3087093287230154,0.06527870663836488
P0003,-3.640429216519358,-2.382242053712506,-2.0954672495075397,0.03388728994522339
P0004,-3.0953482275782056,-2.049073720352942,-1.5036359111759212,0.01599027207782333
P0005,-3.0714344387746246,-4.053150771051838,-1.7799759339965728,0.06126022678340748
P0006,-3.0714344387746246,-1.6140922563497744,-1.4321641592907606,0.060858332137218474
P0007,-2.9913894822646836,-2.5495483021818903,-2.295500622132099,0.01763315760770756
P0008,-2.9511848829169365,-3.9530878579057016,-1.569525961475672,0.06747236382381572
P0009,-2.70573707397078,-1.5736036000277254,-0.8782280185221005,-0.010416979376182023
P0010,-2.667337897773897,-1.7874621596221492,-1.748066071996065,0.008305349004557483
P0011,-2.589602980107029,-1.739948462596643,-0.9656512407990375,-0.011185883056677226
P0012,-2.4331965795002057,-2.147630459427798,-2.3063192816007363,-0.0033033747991190188
P0013,-2.421021230949973,-1.41006574084873,-0.785268196210548,-0.011929198274579722
P0014,-2.3554616618333384,-1.5968349173390983,-0.91112503458835,-0.011102864776606713
P0015,-2.2079557003266634,-1.2564186302401423,-1.0054764593758962,0.015240890745392477
P0016,-2.1079892020835285,-1.2150101064120145,-0.7323781255062232,0.005464788732394421
P0017,-2.0960330811860897,-1.9048612926635793,-2.493948871730238,-0.010600082445085701
P0018,-1.9268904733821923,-1.1399946646943895,-0.8196397447746057,0.02411228070175442
P0019,-1.8066409175245037,-0.9093587407054865,-0.551540143459736,-0.017475075613307967
P0020,-1.7972687590688565,-1.6897408365586175,-2.8047485359271636,-0.016189726087337153
P0021,-1.7863578599099565,-1.0817826819215128,-0.692789861623331,0.015116734785286301
P0022,-1.2044630962617053,-1.2475119789545832,-1.8569346663702984,0.0054605023662175345
P0023,-1.1874119365425875,-1.1148778495369098,-1.544435675187447,0.03280728376327757
P0024,-1.1789054675076125,-1.1078002229584307,-1.6695552910465432,0.03740444120859121
P0025,-1.1744809062821588,-1.7301480639128841,-0.8865917428981471,0.02895215021199271
P0026,-1.152529660047134,-1.2001435151062336,-1.8136146496267633,0.006714860409546164
P0027,-1.0859419130539785,-1.0304518753507828,-1.1025832688489678,0.023824621795452527
P0028,-1.0706140338530112,-1.1254283092423376,-1.021771141716576,0.0037333654483049372
P0029,-1.0561583351128727,-1.6112603439176265,-0.8330372274780291,0.005023916248007021
P0030,-1.0487438351919958,-3.218297033635172,-1.873772343100664,0.10836721187482268
P0031,-1.0452068447737608,-1.1482307229150983,-2.442895421064889,-0.04817010603123928
P0032,-1.0336716926282121,-1.3913959239064264,-0.5813275589569062,0.02082144037496625
P0033,-1.0186805976384377,-1.180911857519313,-0.8602316413437809,-0.00582390201434968
P0034,-0.9850794944964405,-0.9465314459202624,-0.7647252560192868,0.01998017005678565
P0035,-0.9817382564136384,-1.5364848096219668,-0.5793373974114571,0.01743559017375662
P0036,-0.9742427089187523,-1.221881324352431,-0.08726476716080203,0.009941905731568612
P0037,-0.9667471614238639,-1.132609070139053,-0.28531735241146416,-0.013290229885057459
P0038,-0.9667471614238639,-1.0306913815456344,-0.1196049123484341,0.00871048850574696
P0039,-0.9597870101786138,-1.1261355006963396,-0.40883850270965644,-0.014092935579426036
P0040,-0.9516612232876172,-0.918726484361957,-0.6567059560607197,0.010828484012238127
P0041,-0.9223092727041786,-1.173268110205693,0.30638568224555657,0.008270878743543042
P0042,-0.9040448536770556,-0.5697247440277934,0.3316833396914978,-0.0945748809556578
P0043,-0.9040448536770556,-0.5351230286327013,-0.155183798100514,-0.05642564201370737
P0044,-0.9040448536770556,-0.5351230286327013,-0.01222282427450356,-0.07511491563678407
P0045,-0.9003580264691516,-1.1527202568034625,0.028798775596748774,0.01571633066921141
P0046,-0.8927235449738746,-0.9356088464927266,-0.5788135358297254,0.024046657694033247
P0047,-0.8703758364896049,-1.0429750317014586,0.5053430662729702,-0.0012504465880671667
P0048,-0.8648538229565667,-0.9390555691668822,-1.1828124881445319,0.02383538498672455
P0049,-0.8634787384479612,-0.5183034460676341,-0.07377552113761512,-0.06592590555295796
P0050,-0.8628802889947189,-1.1176385558728288,0.5930176309441461,0.0016368073328969501
P0051,-0.8484245902545803,-1.0225583896128962,0.5770347131770474,-0.005768830473698139
P0052,-0.8252793976251599,-0.8790329065537082,-0.30731404264183215,0.011983544983008354
P0053,-0.7964911540400066,-1.0554938285099889,0.8383866410218032,-0.002045899306173271
P0054,-0.774004511555346,-1.1438438244586593,-0.1022531282594771,0.013118929163705273
P0055,-0.774004511555346,-1.1438438244586593,0.19335501753956733,0.007788438758588034
P0056,-0.7665089640604575,-1.1366979906601655,0.03516876191881746,0.011899828310934835
P0057,-0.7635122402048262,-0.5059523897259708,0.5214135054194142,-0.07529922037992742
P0058,-0.7596833241391929,-2.7876823331622242,-2.7722616097312267,0.07317309087391788
P0059,-0.7578352502764453,-0.82245696661469,0.02811791366572765,-0.006179992275009649
P0060,-0.7578352502764453,-0.82245696661469,0.035612967963416446,0.00041596101851038014
P0061,-0.7229461249757255,-0.48754387508214403,0.6731524441515069,-0.08286701777485184
P0062,-0.7227653868803532,-2.822755353975051,-2.186199832684016,0.09107029529249266
P0063,-0.7159105100326497,-0.8260609110761618,0.21423115406616955,-0.0004151100041510647
P0064,-0.7071067811865478,-0.9967506151504596,-0.3250288316492847,-0.05162928480744822
P0065,-0.6903911029277305,-0.7658810266756717,0.29409904615204785,0.0020433546552951487
P0066,-0.6852418069844474,-2.7286061007613216,-1.3702468726595718,0.10461870557147646
P0067,-0.677536385091382,-0.6995365245959309,-0.3829028693253025,0.12263445842925047
P0068,-0.6221072793141711,-3.3664346961354408,-2.2903451718654613,0.1438616616744206
P0069,-0.6097203120366681,-2.541373620123153,-1.7159332102040687,0.1402369124952234
P0070,-0.5939962865579332,-2.491366492328171,-2.040120806577405,0.09650702196615057
P0071,-0.5863276431886936,-2.6350309283598694,-1.757133248109764,0.08747518598912807
P0072,-0.5725157463002454,-0.726496542057826,1.634379567411817,-0.00123667628526003
P0073,-0.5640092772652705,-0.7195580919370477,1.4897511487834838,0.0028549564398399063
P0074,-0.5640092772652705,-0.7195580919370477,1.931873846188119,-0.005709912879679813
P0075,-0.5601724429266629,-3.2566694134308714,-1.8543400054491797,0.13285913882890887
P0076,-0.5411938565468855,-0.5358332531467161,0.2019250810402863,0.1316860206112085
P0077,-0.5305910060564499,-0.6718958228003986,1.194542709469366,0.0016455584614030183
P0078,-0.5239975015953293,-0.6394775724504257,0.1624141689906962,0.02341315766046459
P0079,-0.5239975015953293,-0.42700183463711794,-0.6244363278912757,0.0740081308050684
P0080,-0.5160134796535341,-0.5700421143351286,0.31754850476233576,0.13689487422876123
P0081,-0.5135780679865029,-0.6577429622373769,1.1552942909372514,-0.0032590504712410873
P0082,-0.47785022366874147,-2.2836500723415036,-1.4626034133769712,0.07621936655042272
P0083,-0.4739020281859537,-0.8907229767468429,-1.5695778777879659,-0.06057040398946589
P0084,-0.4730225922746385,-0.594675817986522,0.4010429973155864,0.044283938191936434
P0085,-0.45341870810413465,-2.4163061388816316,-1.0518794809848249,0.10657308131609011
P0086,-0.4392440379055064,-0.4134245006216293,0.6747395995652807,0.08026716316458304
P0087,-0.43762745160281324,-0.5945605490096042,1.7170156933254994,-0.005294874795225835
P0088,-0.4359274075068712,-2.2943508344540313,-1.1714277297053162,0.12287414072189873
P0089,-0.4295462425457321,-1.930367690253232,-1.0512245049237958,0.12177951498339845
P0090,-0.42204768295395034,-0.47635166048049954,0.6776046157460854,0.11415916137605198
P0091,-0.42122211846393703,-0.5809131477524059,2.001750401419638,-0.0101137061179154
P0092,-0.40477230799072944,-2.250068132055462,-1.2176931758368985,0.12752875010492737
P0093,-0.3968673060605963,-0.2910828290835062,0.3279800676467762,0.10422933993983374
P0094,-0.38826912858481827,-0.5201861539381067,0.7611374461079121,0.055159198113207575
P0095,-0.37107277363325947,-0.42552612015413044,0.9688837829703607,0.1073406386237774
P0096,-0.37107277363325947,-0.3315728648970236,0.9034617523643624,0.07755979733710383
P0097,-0.37107277363325947,-0.22110823118118794,0.3889659298745434,0.07143277954518679
P0098,-0.34854265001301404,-0.23268457836344772,0.19132876407259197,0.0743207402605055
P0099,-0.3372942192641274,-0.39184654523906703,1.1050744977723719,0.12593006499426518
P0100,-0.32930730644844547,-3.053014300563565,-2.1216787571240863,0.09116422400352175
P0101,-0.32042001520282726,-2.002100801648683,-1.3995011649906821,0.07643765420383364
P0102,-0.32009786431257137,-0.1882267057324453,0.7789989581147371,0.11360230378184588
P0103,-0.2943033318852318,-0.43759978727573035,1.1250657955503447,0.1248495876500455
P0104,-0.28570515440945377,-0.34040864900515283,1.3149061399208828,0.12802534690644518
P0105,-0.26814030529343813,-2.739109474375379,-2.2825945467272395,0.13070643118960357
P0106,-0.23698520577729637,-1.6864957423877678,-0.5707491133575088,0.11705025052495888
P0107,-0.2245982384997934,-2.6619411544133738,-1.8420816139543932,0.11146430649048455
P0108,-0.22166484393043073,-0.2600672298405805,0.5772555836161787,-0.12197706646377915
P0109,-0.21814804567118962,-0.051633773922230265,1.279080294897212,0.10778723279819857
P0110,-0.2144734475387008,-0.6982489903526421,-0.717294977415141,-0.061243779711434354
P0111,-0.21392499198146142,-1.8851167313704034,-0.7517628798614393,0.09258989132813089
P0112,-0.1923535132438528,-0.11698884691629749,1.485995870435976,0.10926136861473745
P0113,-0.18109872870133642,-0.2353740393480813,0.3898636584736392,-0.10382840076024968
P0114,-0.11325787185057597,-1.7943843816620244,-2.4538302977422286,0.05400939499091173
P0115,-0.10313997398121402,-1.329593125089315,-1.7673938234427553,0.036927173354510234
P0116,-0.09389027105705586,-2.5361977041041737,-2.072628530434676,0.1272703314079897
P0117,-0.09184608370648449,-2.562419297631217,-2.929623352215795,0.039142902034723814
P0118,-0.09034282529894264,-1.7313162384466687,-0.3814332650988878,0.08158305220009421
P0119,-0.07987106030910812,-1.3971415790787995,-0.7746317228236892,0.05052947944304864
P0120,-0.06216218690521571,-1.943452429270383,-3.139686570180566,0.1565033573737875
P0121,-0.060791848521612145,-1.260055171329009,-1.3091635086064295,0.031405922126369834
P0122,-0.05923421092713669,-1.692600941952074,-0.4782155409622879,0.06339775753074806
P0123,-0.05156359368477238,-1.553072850349805,-0.25522523787717316,0.07782707107288367
P0124,-0.044075483208610884,-1.232605979055203,-1.9089427930581517,0.031407269338303845
P0125,-0.02791498664590546,-1.733856981277055,-1.7774006747436322,0.08870611614042834
P0126,-0.023978589453969947,-1.1369360726538646,-0.9882875922995605,0.02088167053364276
P0127,-0.011369811974304351,-2.4919364969725466,-2.035238044672661,0.06725881437797354
P0128,0.0,-1.4973269653915473,-2.923102697966204,-0.04086050602083613
P0129,0.026273192317384553,0.22540801727745144,2.4347702762587873,0.0695314312224542
P0130,0.03950634335639542,-1.1687500612392185,-2.0541023636796423,0.03368934293011372
P0131,0.05375775414084452,-2.1523839185504876,-1.5637767812334613,0.11778054155484274
P0132,0.05806704693187329,-0.49604707684826943,-0.34591559667314037,-0.06877723236445865
P0133,0.06303162832331183,-1.5686699063532865,-2.4249979796988845,0.0786035788780326
P0134,0.07381506409456712,-2.1330720650186255,-1.7216134028625778,0.09340445970527544
P0135,0.08264756488529972,-1.5330413215658072,-1.637518855055799,0.0624725877192982
P0136,0.09293194619223788,-0.9505764906006237,-0.7098418248754754,0.020279009608277887
P0137,0.0955762503466096,-1.3570699280708962,-1.2025814983018364,0.09123777698649649
P0138,0.11058646461818801,-1.0738221888094173,-0.29111605668376733,0.051193664842203335
P0139,0.11079780461191664,-1.3615836571252244,0.08900253428326343,0.0825090817537677
P0140,0.11613743695085152,-1.506936783762902,-1.4898012425121867,0.07786785493624904
P0141,0.12710012284887895,-1.0457887156646721,-0.3972202429774298,0.059909228441754836
P0142,0.12710012284887895,-1.0457887156646721,-0.3388231744271774,0.05569649714884206
P0143,0.13200356475499614,-0.9434744871044587,-1.1969099484768964,0.028263484133592476
P0144,0.14053261347223567,-0.0957054919492788,0.6476894091580179,-0.09985965669869379
P0145,0.1466458880677908,-1.4350783197075907,-2.4634641120885212,0.018232688272324715
P0146,0.1555625902884161,-0.8320680354719779,-0.28275295414350754,0.02762609156471063
P0147,0.1652867154402863,-1.5185246294159438,-2.5166139159742995,0.08287428415598574
P0148,0.16838426842560633,-0.9757050328028095,-0.13806858562022276,0.05385687732342004
P0149,0.17359417985451703,-1.3678542466420387,-1.665191755365082,0.06692290917021038
P0150,0.18028143095519503,-1.2112721976024363,-0.8480261994149669,0.09553393825444845
P0151,0.1821526606939999,-0.8611269102830412,-0.9970403308454603,0.027581590730738847
P0152,0.19886902600700118,-0.8980373521771263,-2.0031856673930024,0.014484731063751033
P0153,0.2104470667918618,-2.219330421473468,-1.6804798707447666,0.08364610172242393
P0154,0.2128260529784928,-1.2965970770670805,-1.3323780834700374,0.05999129772653111
P0155,0.21682823175299756,-2.2072946230988104,-1.8949206087379873,0.09805711040804743
P0156,0.2190387368097106,-1.3462846596100053,-0.10660519519000465,0.048048693161474976
P0157,0.21947081821313255,-1.2718372479643933,-2.524486248018498,0.04968402188266374
P0158,0.22283403406936478,-2.1959668128638303,-1.4484706961282696,0.11179141999837783
P0159,0.2239435739764981,-0.8554426951568738,-1.8495457761133416,0.01562175986728409
P0160,0.22673252750737974,-0.8815105200276852,0.2925142603900971,0.016733880313354543
P0161,0.2366841864510905,-0.703650817105896,0.20110835037721,0.014263729701173622
P0162,0.24342615583872554,-1.2195735435072557,-2.02743463630725,0.05813789205990383
P0163,0.2466077965846153,-2.1841969434305515,-1.8772257274120456,0.05949746126806388
P0164,0.25021285122311726,-1.2117115489259478,-1.8860685228770284,0.018863109048724125
P0165,0.26111565057797803,-1.4133989548097514,-1.947678193799379,0.05830124490635158
P0166,0.2659845375589135,-0.3417899469583324,0.15007001648288898,-0.07405986185725244
P0167,0.267381493464315,-1.1594335559961917,-1.6799765263756241,0.054528781038374774
P0168,0.27289894791428815,-1.1627835896118648,-2.5837225012610987,0.006628656190608595
P0169,0.27355041737755825,-1.1815473802367877,-1.0890558715994096,0.06889447838064444
P0170,0.2814203608055073,-0.6501192052494872,-0.2937528245801961,0.010341190498027952
P0171,0.2814203608055073,-0.6328324981540114,-0.13115901545797726,0.014697789599192879
P0172,0.2843476866044288,-2.088188838762749,-2.1819334934252947,0.04201175398103074
P0173,0.28460254812576635,-1.0317107821833895,-0.44745073062170604,0.08978420382855434
P0174,0.2846805524716781,-1.1601081611063884,-1.9259594836176588,0.11942186967735657
P0175,0.2885004373933305,-1.2598381756563233,-0.2061751874810181,0.06343823072666588
P0176,0.291525398062784,-2.066404983301306,-2.0089053856189985,0.13844506837416914
P0177,0.2922447707261146,-2.052187712507814,-2.2002169668164573,0.016803447305168806
P0178,0.29548983484595814,-1.316157012624732,-1.4236992663385726,0.022308904346489244
P0179,0.2975256346689226,-1.6459392991028758,-1.2099653714438605,0.05943052047578967
P0180,0.299314830547274,-0.6045051705732576,0.0422435721730174,0.015810457815865542
P0181,0.30023974669227976,-1.2106709084858756,-2.5321233022301444,0.051418951418951364
P0182,0.3120268385421866,-1.3893630456402353,-1.3178425615920315,0.07111674937502332
P0183,0.31749562757912625,-0.28566801131961206,0.8480347306601291,-0.08834396124688693
P0184,0.31755764777617507,-0.7274655763668437,0.4772352437952109,0.02641361316986446
P0185,0.3192253396240381,-1.2397874765097712,-1.2861587296095276,0.025292164802057204
P0186,0.32255358465646844,-1.1758917979216263,-0.781550725612522,0.07187354718735461
P0187,0.32277644180270815,-2.600886570426909,-2.695462965783151,0.1402204303253778
P0188,0.32615653515991877,-0.5788081406883057,-0.13221715958200067,0.01185707418682913
P0189,0.3263100015477646,-1.511137662750709,-1.2014951834865124,0.03370505190577999
P0190,0.3321720643463629,-1.4916915098671926,-1.217490761473231,0.025357156609803866
P0191,0.3321720643463629,-1.330703144687639,-0.8940490280749307,-0.019677307559012758
P0192,0.3354582146300096,-1.0646182845414844,-1.3379314273168808,0.041301806208394076
P0193,0.33748243252429305,-1.1115266591349364,-1.9352618569350775,0.05265217877511463
P0194,0.3380341271449582,-1.4722453569836864,-0.9551896920458822,0.03970743913001629
P0195,0.3410522926949905,-1.054052402400342,-1.094975212967419,0.05710060582931842
P0196,0.3458044536338254,-1.257307017891728,-1.4878802148616412,0.046170185016116694
P0197,0.3522404488249523,-1.0329206381180567,-1.1815439471321234,0.05381828582324344
P0198,0.3535947220972983,-0.5185789435783065,0.453814418602563,0.01513731049779321
P0199,0.354126474743362,-1.3089963249911243,-1.3200223678562488,0.05973401877514517
P0200,0.3559651427641961,-1.2547384578476903,-0.6849290554855862,0.0006729863287633364
P0201,0.36465536660846815,-1.1166368949016232,-1.8440082002609441,0.07081885989713776
P0202,0.36706759942733064,-1.8240919197323195,-2.0026412622031304,0.011942476773573407
P0203,0.37105907060744636,-1.1037282952919552,-2.0969741189202042,0.04481589147286824
P0204,0.37148919183905976,-0.46122857433015835,0.8405595891568785,0.010831067339990508
P0205,0.373896158383431,-1.3532806569904465,-0.8426880857982316,0.03595920013830467
P0206,0.38058377768752144,-0.9793868352696027,-1.4094455687567375,0.03292729349067369
P0207,0.3820932222131684,-0.7735204207304874,-0.5618962993670223,0.036964387735669346
P0208,0.38303832980762054,-1.7895588215141667,-1.4973773473064804,0.03836532240672863
P0209,0.3841627359732939,-0.6144992843488895,0.649823105074752,-0.001749861853011625
P0210,0.384615333966434,-1.8908239246591971,-1.4077863580254228,0.04759320671289302
P0211,0.3875574372193686,-0.9051202550234948,-2.2493724237109247,0.04569333862569769
P0212,0.39909680649013474,-0.940580106263038,-1.7111062151726606,0.015289620699794115
P0213,0.4034873216248728,-1.6532490714763959,-1.8693914638069569,0.027368502147493423
P0214,0.40809378511828337,-0.8213309220029205,0.005035636016213865,0.0761891964525665
P0215,0.408342459069319,-0.22261955375874137,0.9131708131380408,-0.09266841358226885
P0216,0.4097581896219069,-1.2343159569971964,-0.9396413936561685,0.023925004313402054
P0217,0.4125468473245517,-1.743832758851187,-1.6635209809975686,0.032542854605204674
P0218,0.4138492144706081,-1.131892109038512,-1.4897097528166485,0.046366846311094445
P0219,0.414855344382101,-0.9764815016506706,-0.9166658276700708,0.036381683177766355
P0220,0.41841417369681994,-0.9128367186688995,-1.9252840615174724,0.027694624524802203
P0221,0.4214694659267776,-1.6783931533687042,-1.8767616129023876,-0.013326157158234597
P0222,0.4254468815500164,-0.5503560451714551,0.6185476759851397,0.014181625945250298
P0223,0.4260714832084185,-1.5708016980072794,-2.031250921624694,0.01833044816310836
P0224,0.42761446200291303,-0.1973252505345762,0.1664521369372983,0.05243181818181819
P0225,0.4277968949114938,-0.8993613589803205,-1.516352013310788,0.006370713079239199
P0226,0.42869240659824875,-1.0574277706834097,-1.818310290261968,-0.015769571164212626
P0227,0.4316356969319024,-1.5504885770076362,-1.2390577926211204,0.03332243736420093
P0228,0.4321742763269152,-0.5923589405594106,-0.4379356182939927,0.03158654485365342
P0229,0.4363615311729546,-1.6353164569623269,-2.0891760859401183,-0.020395430390912406
P0230,0.43979216019647793,-0.9651759928148533,-1.8966509417737847,0.046203735963337156
P0231,0.4461645862104352,-1.132315065669543,-0.7993179646719437,0.09486734015400122
P0232,0.4470077605912872,-0.3219060988405082,-2.3185177057639152,0.022890285161913937
P0233,0.45383387131684155,-0.7542435008811533,-0.7836597451989283,0.06198395162228154
P0234,0.45768917368101936,-0.9299618981696491,0.036434046714308825,0.006634545524071722
P0235,0.46122663152388227,-0.761378871455343,-1.3810324218819767,0.08404332129963898
P0236,0.46476040243481664,-1.0380564937814347,-1.2044162735746828,0.04403308973550479
P0237,0.46630148879429845,-0.13721165873729307,0.17563067779641256,0.047704423212219016
P0238,0.4666260508667885,-1.74318570986504,-2.229893010427372,0.0016973186662083695
P0239,0.4752771163413046,-0.2978953659584285,1.489677437329173,0.035596422149896334
P0240,0.4805260502399653,-0.7149863967591454,-2.4178032958453706,-0.009663277251130364
P0241,0.4814044446538856,-1.0073794657166195,-1.4196047815300135,0.051086231185586195
P0242,0.4814822520988526,-0.8539972113297005,0.09756610681596685,-0.00496457963376673
P0243,0.4837780433488328,-0.6891701515586078,-0.5333350063604234,0.07446018110053387
P0244,0.48416166068221017,-0.4134048100799564,-1.2616112695273585,0.0015729005197411272
P0245,0.4877811702660381,-1.2218062090750574,-1.264243226231397,0.042616304938943195
P0246,0.5006303934608163,-0.34472814032555554,0.02347981513692532,0.024603039421639217
P0247,0.5030058580961959,-0.8398618937936619,-1.8480473415738563,0.032880679929727874
P0248,0.503311785603403,-0.2537766257660683,1.4445334779601557,0.03592215351036754
P0249,0.5042934783284898,-0.6443264557873163,-0.610432047256981,0.022051700887006476
P0250,0.5111402077099523,-0.8177697676366394,-1.9688005913723063,0.07827537843981247
P0251,0.5149148230253845,-1.0228776178581283,-0.6107852937086092,0.025404835983243057
P0252,0.5162720018188167,-0.3904339117512981,0.8955919543376675,-0.006205348965012125
P0253,0.5163276613826466,-1.1799354143815826,-1.3501155331567585,0.039994082256632923
P0254,0.5198406828437542,-0.8090751674815765,-2.584959085962496,0.03713804633955453
P0255,0.524639068876551,0.09125518570560548,-0.28187931185398557,0.0372299470084696
P0256,0.5258510681943573,-0.25349574023940324,-0.03732822591619178,0.023247462624506277
P0257,0.5322468525263339,-0.7707206474972729,-1.6205444760492296,0.019941894247530456
P0258,0.5344643455219819,-0.03129723509445403,0.5538810806991636,0.04579616969257949
P0259,0.537753457292679,-0.4870082522037319,-1.1286954388141637,0.03790933138739416
P0260,0.5425972485969449,-0.8316490786558814,-1.8167984938866384,0.024087350940083407
P0261,0.547374387379308,-0.8768127402257914,-1.4509789281130663,-0.035485159057633386
P0262,0.5504338892567217,-0.17961959437890268,1.8903214628818998,0.01972176202255871
P0263,0.55073856115308,-0.27336219714939614,-1.2248540376306725,0.008320202913031594
P0264,0.5507753319523464,-1.1330424472935168,-1.387037238976048,0.012907907047793765
P0265,0.5529242641784227,-0.8040108620823195,-1.0751261699755459,-0.01716429825962007
P0266,0.5535008190225055,-0.0017175311942025202,0.5288111604353112,0.04291369754552665
P0267,0.5599776064523292,-0.16460044878150415,1.5063536582977086,0.037636969985707536
P0268,0.5607578772289682,0.8786447511336126,3.3995793915279227,0.046346164748568563
P0269,0.5613863385372919,-1.06214461946697,-0.8222468381038721,0.015791929660829762
P0270,0.5715155945616223,-1.463293857055678,-1.5482045571673961,0.03744089208836199
P0271,0.5731513723133727,0.02881635670283758,0.8205945448404603,0.051811831724574375
P0272,0.5731513723133727,0.2263224744959515,-0.03626151490785829,0.04215927843208167
P0273,0.5737005111758298,-1.095783327007443,-1.3828365904606807,0.023993523220725566
P0274,0.5737005111758298,-1.044468990398683,-0.7174382520704219,0.01898873923603439
P0275,0.5737005111758298,-1.044468990398683,-0.6708323516657297,0.03402762444493512
P0276,0.5745510192991757,-0.6160826574091751,-1.7779307803800086,0.0275910039415721
P0277,0.5799986494782935,-0.480067789068838,-0.17126405007444487,0.07125210685507155
P0278,0.5812319830103153,-0.6520160181802479,-0.9684235399719215,0.012713257589595628
P0279,0.5816918634744038,-0.4260793535879466,-0.25520600952206157,0.023924802360328234
P0280,0.5818166704148638,-1.0345368627751512,-0.6927761696669347,0.032238293699436094
P0281,0.5823435265644923,-0.6346519457274977,-0.5192748962784227,0.0325323561881945
P0282,0.5828082161736539,-0.7430514682607506,-0.7647382090722541,0.012829366765830796
P0283,0.5829766489588035,0.20239932214191386,0.5980535097800128,0.027500960386866335
P0284,0.5848152276724728,-0.9912803047823263,-0.4404594658909071,0.023458789899952315
P0285,0.5857348162543992,-1.0781319135582346,-1.5053999055595155,0.02578178609940207
P0286,0.5906147042249941,-0.6386154592621952,-0.8536780155680727,0.019027445538045695
P0287,0.5911339191312761,-0.2684823517962541,0.749142221673367,0.016503834915997162
P0288,0.5932780061784207,-0.13805376870352754,-2.4183750791787415,0.014778041861534863
P0289,0.594334883371814,-0.7195385592152894,-0.7862254618992809,-0.012342402123423968
P0290,0.5959445029735084,-0.6316188372932833,1.3081811194883128,0.05298302794228715
P0291,0.5993640807493609,-1.1344211018486123,-1.3335415021607506,0.01794355702111239
P0292,0.5993907482466216,-0.25443549000014726,0.9272945059165106,0.01889418798347897
P0293,0.6027309485008275,-0.8150451313115394,0.28365267982352116,0.033532883103602584
P0294,0.6061651481319711,-1.0678586440142839,-2.0383385012800948,-0.0014188908187977578
P0295,0.6062884641699068,-0.7556429443604185,-1.3403134337998381,-0.03243773705010211
P0296,0.6071925095591476,-1.1155425978914892,-1.0658808548943912,0.0044094353354167115
P0297,0.6116492855933193,-0.7021345140758081,-0.22923832541110511,0.09732308282045277
P0298,0.6145611749309737,-0.9858180393993733,-0.8347514722075096,0.027843645341873113
P0299,0.6150209383689343,-1.0966640939343661,-1.1551974104356049,0.005071254333033792
P0300,0.616104208981518,-1.0158279542919113,-2.721587004097455,0.039816063493467224
P0301,0.6162809334920424,-0.5691942475962466,-0.2530709366079991,0.028220513782111434
P0302,0.6184290385374591,-1.2947778102212983,-1.4369300897060076,0.0023687580025608668
P0303,0.6185857699985869,-0.7780962975084856,-0.28889297157373456,0.11108982137914891
P0304,0.6212015814142428,-0.7847111148318195,-1.8903620080444472,0.07877224285094275
P0305,0.6236157544332889,-0.8761319490749275,0.33980655916045727,0.012771950271950328
P0306,0.6242188353670451,-0.7187651804013927,-1.3411980122386626,-0.025778248774672163
P0307,0.6242188353670451,-0.6585791653937205,-1.0162598791393487,-0.03274605908067296
P0308,0.6247466438056991,-0.9099967671503778,-0.8545294527937156,0.010209707778010113
P0309,0.624930377052747,-0.39600721530913646,1.215361965995184,-0.007539735162066297
P0310,0.6268079780198147,-0.1052740465051891,-0.6194202031497472,-0.008181488532318038
P0311,0.6274690896220042,-0.6125322905468776,0.11153350044816199,0.006698833559750872
P0312,0.6293449876906699,-0.49861841878917107,-1.3886449965612229,0.0333980492765682
P0313,0.6307934934090443,-0.9625183465366343,-0.7263434971776515,0.023190528499938967
P0314,0.6314889523956252,0.29482444612579356,0.7624761499453455,0.037422178110619875
P0315,0.6317779020752347,0.1923944220646446,0.6150050601891288,0.018889912222995076
P0316,0.6326145874150093,-2.017988452957186,-1.6445802846256183,-0.019097636667462448
P0317,0.6330631676869851,-0.5368250562126601,-0.12341884239080943,0.02467863916270563
P0318,0.6338014929851202,-1.2493694153206714,-1.4331960353524158,0.010108334044186762
P0319,0.6384027725528232,-1.8501986741754122,-1.2387817914800852,0.04641543203738685
P0320,0.6386321598530433,-0.5700361283286495,-0.6496597680499864,0.014767547857793994
P0321,0.6394710596437945,-0.6302358965392467,-1.7301097068402682,0.02487203350395517
P0322,0.6412026218310418,-0.24871311632102236,-0.03051565298675371,0.015024412313608737
P0323,0.643905702956162,-0.6801808138978144,1.1199845335837206,0.05135691295706768
P0324,0.6462750835757629,-0.3360387759016137,0.2424592727568704,0.06127377693953129
P0325,0.6469218167652907,-0.6714510137626322,0.2660464577091916,0.06217454505308462
P0326,0.6473944926427126,-0.157259573931239,0.08317363033895683,0.019579760670875412
P0327,0.6486671635971587,-0.2604642852221015,-0.9883850879862008,0.0735296779682495
P0328,0.6489317229386945,-0.16543493343455232,1.1153853766746629,-0.019197048709949205
P0329,0.6491739474327856,-1.2570434889431685,-1.1639407860315845,0.021886454692694457
P0330,0.6494581888336248,-1.263111871128694,-2.565353142830534,0.007807305407202314
P0331,0.6563797854551279,-1.2352463068910926,-1.0237904028620681,0.024925967745371702
P0332,0.6579450097616618,-0.5254230327788413,-0.1177399875815834,0.01853320642978007
P0333,0.6587865395258284,-0.31256099019762906,-0.4054390055202882,-0.01415532912088957
P0334,0.6640660126789584,-1.1599716378600462,-0.9371242183510109,0.014822702587584002
P0335,0.6669175546832511,-0.7056954756079625,1.1628301766323352,0.05450615873908382
P0336,0.6673322482744024,-0.5553433528129864,-1.3052661955480933,0.00978106444209681
P0337,0.668340309176065,-0.7586773188488403,-1.4550627376908873,-0.01574302297845276
P0338,0.6684051542916553,-0.5530992342341787,-1.3561087162144203,0.037640346033499084
P0339,0.6685294346868011,-0.7181522729053482,-1.7550305981095415,0.050282282282282376
P0340,0.6699149669727933,-0.2922628836811173,-0.4317021215277278,-0.01281881103631377
P0341,0.6701759791870106,0.14908695677395303,1.5947538652562865,0.03169275819349027
P0342,0.6701759791870106,0.36853055765723414,0.7657072108711446,0.039148552764951106
P0343,0.6711299974207927,-0.13101840823473448,0.10115079737666749,0.013042496330033515
P0344,0.671752239902789,-1.1887456518466708,-0.8289497565220343,0.012795128909327103
P0345,0.6721104389436123,-1.770028122148553,-1.1735323885477709,0.013813909177516459
P0346,0.6727127658254574,0.029023269327587798,1.446060335170912,0.03214511611096049
P0347,0.6737022102847309,-0.1280137338351853,0.9863402846408407,0.01781245734564796
P0348,0.6760304501258666,-0.7907443109193519,-0.3113109185618461,0.044487427466150864
P0349,0.6769778754095968,-0.13044076105176822,0.0611293937983811,0.027393652047938977
P0350,0.6776926068596325,-0.4585759750941637,-1.3655599524799173,0.012838242751118
P0351,0.6787234239104577,-0.23574572221609613,0.9829374734363965,0.0039287535651550964
P0352,0.6797703164032249,-0.9402045898620859,-0.7904783814196477,0.029120077783179266
P0353,0.6825094946744314,-0.11303041458600684,0.8336805510943984,0.033883658525492244
P0354,0.6860501524567391,-0.6081757884831717,0.4362962213865251,0.06880329314907363
P0355,0.686864785234171,-0.09460141114900684,-1.007485155666377,-0.008597354073735075
P0356,0.6888363132780299,-0.7880845478050093,0.890996030573319,0.006352196700722068
P0357,0.6891097025566875,-0.48521335129110355,-0.15663144993817285,0.026228989102039746
P0358,0.6919539828310581,-0.26168457446791615,-0.5221599061279,0.05015247222827268
P0359,0.6928264352459549,-0.6661901638205274,-0.08439451543048758,-0.015112205283590474
P0360,0.6943305323727965,-1.0705738603994213,-1.0195094118493928,0.01984346420519789
P0361,0.6945822165374707,-1.8619042650146385,-1.5346608186404824,-0.013776015857284385
P0362,0.6957921132118335,-0.1880910029161103,-0.7988608576704007,0.08586041132034539
P0363,0.6960323366957664,-0.6130113710892485,-1.6360723825375645,0.019852967936819788
P0364,0.6971624850092825,-0.6976292313846193,-1.3215822337052703,-0.029894179894179862
P0365,0.700155101675376,-0.8677334121772485,-0.5834074863594715,0.013814274750575617
P0366,0.7003704016752846,-1.8473249727342866,-1.2574581902304447,-0.02330235599500674
P0367,0.7003704016752846,-1.7883177887789272,-1.0504265686747123,-0.03051498999346125
P0368,0.7010573730105466,0.03425091422858456,0.2772114741549547,0.009432366922831337
P0369,0.701974233588066,-0.27804154571587714,0.306145827870198,0.00241335510796592
P0370,0.7061409737113538,-0.6652578289902678,-1.51248509666274,0.05914480776140851
P0371,0.7071067811865478,-0.014514684894551,1.0677889316609563,-0.09936409146258962
P0372,0.7079835304851627,-0.9941872301558441,-0.44744998514724665,0.0030261699769840167
P0373,0.7080786712605911,-0.24516104120553187,-2.376292765220548,0.09885733251149764
P0374,0.7088630059784014,0.20864610881428125,1.5409160069827454,0.03625894102298788
P0375,0.7116062904722122,-1.6760909096726406,-0.8261184669484223,0.045584158415841625
P0376,0.7127531289881517,0.11178306915823522,0.6086505991978449,-0.0035677401182987456
P0377,0.7130168641528732,-0.536132444604313,-1.066211797415795,-0.03997048981635176
P0378,0.7132046519292449,0.499681626210307,1.2376061043246849,0.016208426135619236
P0379,0.7145854551489337,-0.09827124920703274,1.279071239225296,0.005240635662713933
P0380,0.716712834318836,-0.8376647792085913,0.04298115839491435,0.00637235898429922
P0381,0.7173892140442882,-1.0024612680484808,-0.7836305603034738,0.015446394424850185
P0382,0.7179513027526897,0.018652579802490524,-1.3731799386422447,0.0008372500142712624
P0383,0.7189449997998256,0.008301809552552455,0.3093850774562395,0.006813958290315947
P0384,0.7189449997998256,0.09808774361519605,0.3609948118217537,0.011056257391173663
P0385,0.7202186950098731,-0.00617484893637395,1.2897001246143682,-0.10681922691985168
P0386,0.7206309801583688,-0.8320450231663663,-0.0940483559128355,0.015235188683815348
P0387,0.7241299308589401,-0.17081520740073192,-0.453271629603216,0.027248580326066918
P0388,0.7247324251171303,-0.4470662935512589,-0.6811565156061355,0.013543977020688658
P0389,0.7247324251171303,-0.4470662935512589,-0.3494925439638741,0.024088281278405788
P0390,0.7247928777886267,0.046018158977194766,0.275991517995704,0.014955901670106853
P0391,0.7248289935578701,-0.8290929264786715,0.46187811323094513,0.016972954650008587
P0392,0.7268663309660813,-0.6020752972182519,0.045874406081690806,0.003931278232436997
P0393,0.7276383633654004,-0.45314402948123006,-1.3491162917013173,0.03373675414592947
P0394,0.7281473350474645,-0.753502417186811,-0.30647834789825407,0.03587335981702178
P0395,0.7281473350474645,-0.7207704767714518,-0.04449570881970922,0.03974960876369327
P0396,0.7291347834268668,-0.6323164146872541,1.328953148865103,0.04036314562630339
P0397,0.7309216246638642,-0.23585872915212266,0.2907390741946188,0.033682607592183
P0398,0.7324305446895653,-0.548778453351828,0.04611360159297165,-0.018667573593318942
P0399,0.7341151463318042,-0.4594304985589585,-0.7354876348797289,0.0012540210457445689
P0400,0.7368326265891015,0.06743798718717448,0.29084516348133443,0.014946085325832303
P0401,0.7368326265891015,0.06743798718717448,0.30298449230935715,0.023722456633848976
P0402,0.7379947584130462,-0.5685197524179556,0.24992543950274593,0.007215307028313411
P0403,0.738723360790213,-0.021066002916432233,1.7000103478801039,0.0055349511455842215
P0404,0.738807968923699,-0.913369429510924,-0.29270872078564136,0.0006597569540511827
P0405,0.738807968923699,-0.775446202212254,-0.5126476454411065,-0.0006810394364398231
P0406,0.7445854235888082,-0.002316157388718603,1.5765145053802814,0.0029359731998344074
P0407,0.7452593254354446,-0.8618355675696865,-1.3511102349326307,0.0007009232851546976
P0408,0.7466363977334901,-0.7792692461551952,-0.9897921768423171,0.00940365508584562
P0409,0.7475500327697868,0.26820526085460106,1.489760489623306,0.03975651939534153
P0410,0.7540005697463318,-0.45184041269796965,-0.8885726995790498,-0.03587479303004015
P0411,0.7566543764094509,0.036286465756591446,2.1116327594511066,-0.005548345840621471
P0412,0.7568903271386261,-1.7053291973744389,-0.7013936361591547,-0.06017814468824667
P0413,0.7618880519919697,-0.36643045806116953,-1.2577117922690801,0.01758770495632289
P0414,0.762338030797743,-1.6912407847917466,-0.9373769213017603,-0.02616043752097763
P0415,0.762338030797743,-1.5554301798544392,-0.5808086811911289,-0.006535173448636744
P0416,0.7662038163762788,0.007239341628108154,-1.4100884968045984,0.11215129768521015
P0417,0.7664160093559856,0.18333498354542394,0.44624846573684995,0.0113647001553987
P0418,0.7664510273308165,-0.07848266285979846,-0.14446625713891656,0.03232217095344714
P0419,0.7664704404096917,-0.4478626030316277,0.435644904323967,-0.012426928153875139
P0420,0.7667080512817342,0.07993668984815074,-1.1176970557972137,-0.006280596561800356
P0421,0.7671605460459167,-0.7593761276476221,-0.9743222260234379,-0.007488119809917038
P0422,0.7696324073622398,-0.701850072746488,-0.056124506023653764,0.0033581296493092605
P0423,0.769887670712518,-0.7613966614926467,0.677891511075658,0.015508176161304066
P0424,0.7700203710598551,-0.05660964721707921,-1.4992478464613712,-0.014653259047877953
P0425,0.7722709017850468,0.11658704343976682,-2.3553312447056616,0.008535821999658744
P0426,0.7732880578491692,-0.2663624793187007,-0.026313236237456007,0.03460601137286745
P0427,0.7735739195946737,-1.6633681997489744,-0.5134632958156983,-0.05096483958801945
P0428,0.7738058165520506,-0.8195531655629514,-1.448538062882216,-0.007040216028546542
P0429,0.7747907420239721,-0.2556210874925896,-0.6847769974517184,-0.003438237788525589
P0430,0.776626990542721,-0.3075588826097727,0.4865053857702898,0.03755708361765797
P0431,0.7774608361720264,-0.6831589922472492,-0.28512259054960054,0.006374027960736051
P0432,0.7775065257881679,0.02442920837529246,-0.8687408667667277,-0.022338105622451865
P0433,0.7779261745462724,-0.41390053802002263,0.5855482502183659,-0.014378592292471515
P0434,0.778003829951552,-0.8133351652678428,-2.268588918070816,-0.004579306355595225
P0435,0.7787362425240799,-0.0005586850205110154,-0.8031963630325702,0.10010206274172773
P0436,0.778796156058448,-0.15406379702286283,-0.11898784506793632,0.04389299160150584
P0437,0.7793621047324846,-1.594217331704449,-0.5884012435641918,-0.07152014832639686
P0438,0.7797621884991036,-0.34536122221298365,-1.0027960546006536,0.0010382778431505812
P0439,0.7802642199690624,-0.7408675833371396,-0.7018567890501309,-0.005658115559817767
P0440,0.7826037809417665,-0.2954263823095857,0.9230556039823974,0.014560814356175955
P0441,0.7852892649818132,-0.7578474107388249,-1.0372846842813919,0.0006584257253301473
P0442,0.7852892649818132,-0.6644679117480103,0.1419618119036362,0.005373603500276269
P0443,0.7856044806557908,-0.8009615156769296,-0.0390568274318046,0.002690221996271891
P0444,0.7864421276320313,0.3443623034562478,-1.5922834264767982,0.04072007976931569
P0445,0.7868715724391457,-0.35318882472828145,-0.9290362542294028,0.040973392948764786
P0446,0.7877857900698619,0.9340487569959338,0.05155500529218041,0.025206950555596963
P0447,0.7889007323274969,-0.6403820049223464,1.3242266623229872,0.021370900117396285
P0448,0.7900702920441087,-0.28921016139622563,0.9339501552120514,0.004892186413169686
P0449,0.7913937955003352,-0.6083450791449072,0.3453030059339165,0.005354975367113379
P0450,0.7933527704998481,0.042475075216263994,-1.1375104069795121,0.09854260391692016
P0451,0.7949461224063371,-0.3634426128599182,0.7614232423829064,-0.006212700265451843
P0452,0.7949842753397902,-0.2702947745449107,0.9924141404452358,0.025665224800104802
P0453,0.7960623362066085,0.6083679047040054,1.5714334945330248,0.025874439461883503
P0454,0.7989343645356228,-0.31054168017102113,0.44620295212689864,0.05112496038871872
P0455,0.8004568458007761,-0.8893983195094638,0.1236322186335521,-0.015770594103538316
P0456,0.8004568458007761,-0.7517338282210726,0.2320712407571528,-0.005370067709549287
P0457,0.8004568458007761,-0.6494795314499688,-0.3808006681725293,-0.0036932481480693724
P0458,0.8016313867117351,-0.18471465062799228,-0.8810442957670963,0.0062788165241771665
P0459,0.803079273627407,-0.4221391588438507,-0.8173900537234299,-0.006244095758162205
P0460,0.8077916833377468,-0.2442965596159347,1.1879345982913108,0.029076620825147392
P0461,0.8082852746105672,-0.701701716689756,-1.068233905107508,0.004031488043455322
P0462,0.8083728681756042,0.007076753447567547,0.9124292675043538,0.06622154365016053
P0463,0.8086631623272867,-0.6913233160990058,0.7250737352897435,-0.024758760792280343
P0464,0.8089085449094838,-0.17162630919082006,0.6806520304873569,0.031555187027823894
P0465,0.8104474232671586,0.2083438717756429,2.230777515208832,-0.0035818096577590053
P0466,0.8104708600749068,-0.8707897257318137,-1.790444800006983,0.006069641145777904
P0467,0.8112452086399223,0.14221882705098182,-0.2947637935752559,-0.008817905747385058
P0468,0.8119660702664018,-0.345474072274808,0.8117409023645452,0.0
P0469,0.8128689010353901,-0.45255212663694344,-1.1554153348502447,-0.024292880216403634
P0470,0.8130697711232737,-1.5113899814873197,-0.5731781842059248,-0.05476593566675858
P0471,0.8142937228615784,-0.25050546836788906,0.28650531474619495,0.10811552590465734
P0472,0.8149463478671631,-0.7586167626708865,-1.8427384876455941,-0.02001297359632903
P0473,0.8151264342770348,-0.2735507087401579,-0.6559605293669647,0.011074783569718027
P0474,0.8151264342770348,-0.15920649486673918,0.782991663359509,0.029102965555350746
P0475,0.8163094860657569,0.2084693576621625,1.5137822812993116,-0.0003186982115407355
P0476,0.8186910026998966,-0.11381020071526901,1.3220961156739783,0.0501953790878813
P0477,0.8188579562610876,-1.4971671031672025,-0.4758951045384946,-0.05279937026468562
P0478,0.8191314858101222,1.067189154896562,0.15167760436283684,0.0258176200137743
P0479,0.8202154115958913,-0.43605639194359297,-1.5293561210271869,0.011616738251871261
P0480,0.8209953419711175,0.07835145850602117,-1.2477230222334132,0.11068671490437643
P0481,0.8211387181842853,-0.15695475269169015,-2.114861000212443,-0.015866915559459627
P0482,0.823509954711866,0.19530278135960916,-1.7294313894477817,0.0388289794898411
P0483,0.8236227939810156,0.26820526085460106,2.168736263015158,0.02450528963859777
P0484,0.8237445925322231,-0.6794528681250911,-0.07382368183576297,-0.0026519495412843375
P0485,0.8237445925322231,-0.5935774730783208,1.7563137368888588,0.0038465214067278097
P0486,0.8238568045244744,-0.3393748576189602,-0.5827839006911512,0.048482552909426824
P0487,0.8285538598185774,0.09146450312543893,-0.441484074459771,-0.01376415647274587
P0488,0.8295847104154627,-0.13761542592099638,-0.5185890252441894,-0.017549071133148852
P0489,0.8295981328105652,-0.2412624377982461,0.09756490525633071,0.02911442858178126
P0490,0.8296017770366396,-0.15774585934267402,-0.03589507164231036,0.0299518919419004
P0491,0.8304128341512618,-0.39881141045138546,-1.2821660141070352,-0.007738922846874274
P0492,0.8323282058011972,0.05917555183455503,0.8194322147901155,0.02125480736408525
P0493,0.8337498004953349,-0.8522199603106444,-1.3389458268634862,0.008744122715571123
P0494,0.834597908220639,0.14929509238042063,-1.4569402616779716,-0.05246242983885563
P0495,0.8360462658170086,-0.9394034671778236,-1.2873963423801082,-0.004414587332053688
P0496,0.8370617488236433,0.10263705225046016,-0.7828528520648013,-0.018821928680764155
P0497,0.8401025644835901,0.28546990968298297,0.9177424242208267,-0.002583737432364064
P0498,0.8413154280200748,-0.5989795253730044,0.5754806593769883,0.01569843731361087
P0499,0.8413154280200748,-0.5688272940503003,0.8025651486857098,0.03485625671000858
P0500,0.8444424179409289,-0.8460251954125543,-2.7792403850104597,0.008109477952356725
P0501,0.8466139092449555,-0.6207469484150381,0.4673748480182187,0.0050068659554241
P0502,0.8466534151953672,0.1734508376232118,-1.4142370935260513,0.01270877327702058
P0503,0.8489155000172552,-0.21295474311859314,0.061950098415923874,0.01171443573355524
P0504,0.8501020619694918,-0.2025293217890168,-0.49780062239269496,0.010385552134552611
P0505,0.8504771815503824,1.0177189039956798,2.091185883646747,0.011912283962088877
P0506,0.8518875895540678,0.19609308082680946,-0.9970340733750492,-0.028880866425992857
P0507,0.8519780892965633,-0.16611045167372573,0.7345796912992998,0.0031411677753141465
P0508,0.8535933340995242,0.2689315161813812,0.035296470254364797,-0.02537558105589377
P0509,0.8547665706686813,-0.5882157393565453,-0.746115233980823,0.0006776215483652592
P0510,0.8552804153536591,0.11266814580331942,-0.4378322867154729,0.08562486625294263
P0511,0.8558070116223071,-0.6381634397095179,1.5440323116572343,0.009432832962244841
P0512,0.8558541433023745,0.5749479772242259,1.146574900328082,-0.019041940712861694
P0513,0.8566022025570984,1.3053704586504726,1.1741837534495738,0.008044290040314372
P0514,0.8580524330454518,0.24088634568674228,-1.4034269100881407,0.041286955854421326
P0515,0.8582982212319291,-0.19920529141705356,0.32240784407662787,0.03929554011004921
P0516,0.8598019723960666,-0.004577650475635556,-0.29918577028356497,0.0233587298690634
P0517,0.8598019723960666,-0.004577650475635556,-0.25323583136248223,0.008234864729230296
P0518,0.8615059744911283,-0.5767575658550526,0.8467173685363047,0.01368069923573878
P0519,0.8625949994784681,-0.5888154046987536,0.717783011277829,-0.007366638441998474
P0520,0.8627272235638176,1.252361432436516,0.40919013333235993,0.01610207265433461
P0521,0.8631662454265251,-0.06843110483012863,-0.860629237410821,0.008701472556894352
P0522,0.8649155589232088,1.4800155094402425,0.6470430997908669,0.009611119325742878
P0523,0.8663507321217047,0.22441211999321065,-1.4229769374707115,-0.047627654767284255
P0524,0.866682870004825,0.11785256286955037,-0.8461316740288635,-0.02342728297632457
P0525,0.8670482601416647,0.15516920807437093,-1.403329479932147,0.07210782126840276
P0526,0.8672249650953837,-0.6180381529130426,0.527305133911602,0.019332412742250282
P0527,0.867589875815722,-0.029234592705534423,1.0722579891134372,0.01831661578717836
P0528,0.8692125399238689,1.2799077216573251,0.3299967511074825,0.01479707400393604
P0529,0.870930965395061,-0.31352766527108455,-1.4465920817671145,-0.002616705045007439
P0530,0.871526434417853,-1.305189028322788,-1.8409971855291767,0.13952151196220108
P0531,0.8720499061484939,-0.2094515881414041,-1.0732790916382284,0.03070543966682493
P0532,0.872907090198707,0.2424632557756251,-0.4602873924754376,0.072786592808187
P0533,0.874354401556487,-0.121616580689689,0.9845430179575946,0.0038287664913736474
P0534,0.8746340026000963,-0.4445514220384805,-1.9515476217883283,-0.009818651944512369
P0535,0.8761592882248008,-0.5514027402619094,0.7195795232390865,0.024695470118005547
P0536,0.8776303643760138,1.2374230358320766,-0.15386423814237504,0.028168233620864847
P0537,0.8776303643760138,1.3676175466288374,0.3387776208927615,0.03136371192670717
P0538,0.8776303643760138,1.5327789857126193,0.42150613499202927,0.023679787214392567
P0539,0.8793377254853337,-0.7029892900500176,-2.5456380111231036,-0.0036732700596640022
P0540,0.8803286390185295,-0.5164468810595845,1.131653987104721,0.024330495171954514
P0541,0.8819708382903693,-0.2693762948498409,1.8322295600255647,0.02592012529365717
P0542,0.8838061270245212,1.260657177216162,0.024013929021666658,0.04001403353275701
P0543,0.8851221502022384,0.0022505999565039752,0.34135298696111105,0.041288623532170554
P0544,0.8867921919950739,0.023020433501524436,0.10455722647898531,0.045146278994264266
P0545,0.8880571858176968,-0.29329624629549694,-1.0529857012405508,-0.024675222835036648
P0546,0.8880571858176968,-0.2774798966897224,-1.2697455265966333,-0.0021433985937213684
P0547,0.8900192343766705,-0.002896633386564157,-0.11845494325514755,0.004121786259194238
P0548,0.8909037178905242,-1.5803105282372014,-1.5541001345866317,-0.004573050540093049
P0549,0.8926158054922684,0.19029086110846374,1.2619545726482853,0.053249875266476066
P0550,0.8967362322261057,0.003803568136748859,0.9400020897461019,0.031048072957242878
P0551,0.8975055001306004,-0.09837227943180787,-1.5241558330706821,-0.006971057337858966
P0552,0.8976857557082836,0.29854076566372945,-1.5046788675881864,-0.06723807375662583
P0553,0.8978994745063812,-0.5747113332771447,0.6952212585796815,-0.011400071250445287
P0554,0.8978994745063812,-0.5217180794660993,0.8993986594711969,0.027930174563591148
P0555,0.899456721408797,-0.4999546990010897,1.3643254932912738,-0.023648435030034887
P0556,0.8999540114503892,0.4454941571398416,-1.9659642309561236,0.005567958684132623
P0557,0.9005858212169863,-0.5739376563697755,2.0680018274076972,0.002456533664051186
P0558,0.9012478667267955,-0.6040595034076819,1.0119452874627166,-0.024049536127137117
P0559,0.9026966951258304,1.4663624958439139,0.4585692443957091,0.034220041322314154
P0560,0.9059943360631045,0.27298910097439827,1.3742607352066083,-0.03528616493916181
P0561,0.9078346409753495,1.2934981780637869,3.0999262043185674,0.038724819088597595
P0562,0.9079453743787317,-1.538168914150877,-1.7838407195079562,-0.0026190382418967983
P0563,0.910705337658547,-0.4756621320133791,1.1572964090765057,0.00901584891335272
P0564,0.9130012002867749,0.4582360451088855,-1.6931429105433597,0.011557897000322503
P0565,0.9130012002867749,0.4582360451088855,-1.5303581303250553,0.02085797226104713
P0566,0.913632749869259,0.12147092373378489,-0.14393674487039113,-0.02282177193279522
P0567,0.9145959407875607,0.049848034249419165,-0.05094607776990352,0.006139991813344237
P0568,0.9151724992232556,-0.49813300650504133,0.9426406327429165,0.02044446552664647
P0569,0.9163591362534159,0.024643166576318005,0.7864752447379841,0.07025140839149091
P0570,0.9163591362534159,0.0387795573441626,1.631522749659666,0.021167913898932023
P0571,0.9196396607879641,-0.46476500082382377,1.7798659998632014,0.009009436198966103
P0572,0.9196396607879641,-0.46476500082382377,1.9888488750247406,0.007610602683863599
P0573,0.9204419354398835,0.07525698700411093,1.215948608541947,0.021005422968674914
P0574,0.9204587953515242,0.3792623946147636,0.08448418011064654,-0.024949049293408798
P0575,0.9209197436125797,0.3238484327621273,-0.9523375257338957,0.04812159449383424
P0576,0.9215872632271428,1.4027954539187597,0.33314830109540283,0.04504238849981568
P0577,0.9254186150443349,1.6099648726780078,1.4431912788152725,0.005442630234366197
P0578,0.9257691405712659,-1.279590179228988,-0.9033763049702714,-0.03172367932093323
P0579,0.9262407626673522,0.08798221045174606,0.920326632854122,0.0295911745619728
P0580,0.9266828455798023,0.07677321910174363,-0.14960449418959923,-0.03626943005181349
P0581,0.9266828455798023,0.13879781725172274,0.11971037881813815,0.02667939278247422
P0582,0.929339621878614,0.2843541575843459,-0.6082318466713567,-0.022725991090058018
P0583,0.9300847758130949,0.21993504256024585,-0.786089556209479,0.08781218246965095
P0584,0.9306681207439573,-0.07533381904802583,1.0727721368731147,0.01556071436780293
P0585,0.933261632033252,0.3685170527768377,-0.9332908316330298,-0.03416882095088236
P0586,0.9343020686799478,1.5908669970281448,0.6798045010788637,0.0306473892623631
P0587,0.9344232947667878,-0.0975482948532913,-1.7155136386913967,-0.018765638031693066
P0588,0.934537646337056,0.37686121900447805,0.7356241077895194,0.02760243444421806
P0589,0.9350571251077743,-1.0792102205498577,-1.342521102185173,0.16146455595380327
P0590,0.9400620363918667,0.5458975292397595,-2.037916883009626,-0.0007514761137950021
P0591,0.940477831328452,1.4738645922700524,0.4741455239554791,0.031595227574017004
P0592,0.940477831328452,1.793581311287517,0.9126338674578934,0.01309102960671682
P0593,0.9418265954004134,0.6137182024633732,1.4563163581161622,-0.009030648344691472
P0594,0.9424668105822837,-0.40589939552998777,1.601058442410089,0.019812230876020687
P0595,0.9427932145060075,-1.2377637952621359,0.684220589311261,-0.07053674358623652
P0596,0.9427932145060075,-1.1926301791365495,0.4700927330240025,-0.0770042400203208
P0597,0.943759020568187,-0.01234983006428457,0.021322037625758752,-0.016863560542010214
P0598,0.944813202768161,0.11469803544119678,-0.013124720675394707,0.00581170968693967
P0599,0.945093695550292,-0.36190587933795937,1.5880817463792165,-0.012641985696255631
P0600,0.9452922772487634,0.8644260447654688,1.4118990354732968,-0.02634848232000131
P0601,0.9461192501773676,-0.0737041023094937,-1.95265758589675,-0.018777997708094518
P0602,0.9468306051543263,0.15849981001638075,0.7966253208958644,0.013333844943690831
P0603,0.9476886581990116,0.6326446595007978,1.9202580461261447,-0.012583064981478986
P0604,0.9477291627849054,-0.47247121442872153,1.4998957669951234,-0.02033154764415579
P0605,0.948416688094809,-0.016722502409399074,-1.2325762992248717,0.011347491894648787
P0606,0.9502789944245406,1.720001598164394,1.4183038159117514,0.005454175679923123
P0607,0.9515562658465485,-0.37624987000612403,0.326545886024049,0.03576467268623018
P0608,0.9525041495562508,0.32053785707593246,1.4626429041216709,0.04084169604918175
P0609,0.9527799227741268,-0.3071452211325484,1.5112039509442297,0.004647152830347334
P0610,0.9535507209976068,0.6515711165382128,1.6980061093847492,-0.008689988835132056
P0611,0.9540291033029382,-1.1757510330084775,-0.9745380617992117,-0.018101226275091697
P0612,0.9550683147940815,-0.34636200276398205,1.6484947754372858,-0.0186594699445487
P0613,0.9555007268260151,0.1096303212592709,1.1027299895831655,0.013913663931502063
P0614,0.9567387092043456,-0.003375904242270466,-1.0085138892013996,0.022087073690344017
P0615,0.9569001075604026,0.1365741994953655,0.14152713795359714,-0.02289071893645489
P0616,0.9577273472843665,0.2558114258500059,-0.22120454277361662,0.08581192929994108
P0617,0.9609591506026866,-0.3811186998177901,1.6130112010338358,0.03289628272005274
P0618,0.9612468344144172,-0.06420033040750103,0.06089915697984901,-0.012372169466764005
P0619,0.9628893317913143,1.6777985659580563,0.9010269846774376,0.00960792284098888
P0620,0.9633453689497993,0.35740120556457805,-0.4867576878248158,-0.01623041350514076
P0621,0.9650607303138778,0.009970693924851167,-1.085764279305209,0.011668122906655087
P0622,0.9656605929807557,-0.3572548129014221,0.3532068634793073,0.04385408592300277
P0623,0.9659074422340653,1.569534586204503,0.6754654207323779,0.02644257291015406
P0624,0.9665158150129116,0.33690877070998504,-1.2359116318808696,0.04988843755363592
P0625,0.9672893841448508,-0.4007588034302893,1.8062140187535176,0.010699607917237453
P0626,0.9689870123526442,0.16260486013616027,0.14705572224975066,-0.018091545943004772
P0627,0.9690143527980303,1.4650529312696587,2.0196058379268815,0.00031400653872437623
P0628,0.970607891290528,0.46201055343980646,0.23969666009660878,-0.022529670771775256
P0629,0.970607891290528,0.5783530457494113,0.9991902162939417,-0.036677767595717614
P0630,0.9707430091751801,0.4479365792507919,-0.9540259200928696,-0.04425394403177674
P0631,0.9710531772376798,-1.1666870033659413,0.9369512029944981,-0.08107369981662826
P0632,0.9710531772376798,-1.133609418922153,-0.8395580241938059,-0.03714252272638596
P0633,0.9714658061175337,1.545407164701274,0.6659716023223132,0.03427065026362053
P0634,0.9728898123160694,0.8637111619186081,0.563415944974119,-0.007435695832865408
P0635,0.9738722820769153,0.07887420391706348,-2.274512179416383,-0.024602394730137922
P0636,0.9752196528385173,0.8708894129283747,1.4296120467091842,-0.021826057980673053
P0637,0.9754303340720346,-1.371288122369028,-1.4439362425730022,-0.01169085916045498
P0638,0.976858742808936,0.3735049687693677,1.500769511597907,0.04349396230673719
P0639,0.9776846408116384,-0.5391566041529994,-2.3383785061134854,0.02406440382941688
P0640,0.9782589675310768,1.4992860064735327,1.03624710867085,0.0274000294031167
P0641,0.9782589675310768,1.7640284297096613,0.9659577765000855,0.04173404880917375
P0642,0.9787566198959344,0.3234353495422419,-1.1716519969658301,0.06038483965014585
P0643,0.9811754364549393,0.29889648597409124,0.1822044810099153,0.08061858957325829
P0644,0.9821943031864476,0.09172385860407577,-1.4436148338441532,-0.011351439850102674
P0645,0.9828475772153343,0.4908190035841164,1.2975956607134254,0.012567689530685877
P0646,0.9837870541797076,0.3728824094697936,-1.0422455582187473,0.037228266046830605
P0647,0.9838395035092881,-0.35045783902134053,2.1996494065672247,0.014543407379606466
P0648,0.9843384724454965,-0.3009197217296651,-1.2612303988202076,-0.05174632992416339
P0649,0.9843384724454965,-0.3009197217296651,-1.1380386351502785,-0.06814861198079736
P0650,0.9845639195427242,0.09875632284499236,0.30325826756998414,-0.005493753989240346
P0651,0.9846154499529768,0.5090190549369964,-0.16520530951374965,0.0350897645138728
P0652,0.9848763014079358,0.3684232772140197,-0.5825934756182136,0.07904769521981381
P0653,0.9855382896259417,0.4049279616236985,-0.4747706928593121,-0.014195689713170756
P0654,0.987002824929809,-0.440653397646071,-1.1848292891132288,-0.004353430968532912
P0655,0.9909737729838818,1.8141164474274523,1.1341479222085902,0.0327817670933499
P0656,0.9909737729838818,2.0031276884835445,1.1230916905110826,0.01814475399900828
P0657,0.9931608219371273,0.21466618141774982,0.19795234874982956,-0.03715275419411812
P0658,0.9935053605425008,-0.9505424479149788,-1.0531589139730724,0.14849889679450645
P0659,0.9983756314998193,0.5367408137516521,-1.100955756298403,-0.06552853553481708
P0660,0.9985878157976955,-0.8532314127769275,-1.228979818795471,0.12782830660950184
P0661,0.9993278760590218,0.06492727461301671,-0.7926477260564442,0.017325382685525303
P0662,0.9998871374629529,-0.21172232280001405,-1.973955540809297,-0.02332777082464188
P0663,0.9999368265993206,1.0585664944678168,2.665647883779253,0.021454642570996274
P0664,1.0010582933465004,0.3816005224789063,-1.2097738174593018,0.041913318232864594
P0665,1.0012393473471968,-1.0108169568985823,-2.5055921822151435,0.07462872520681763
P0666,1.005247726729369,0.24612590829676156,0.20622090168564156,-0.039163781986017776
P0667,1.0058711033037766,0.19207030112615658,1.6059072505018686,-0.10446960347695433
P0668,1.0077312103020797,0.5263111119553451,-0.8427268797153105,-0.03743615019266955
P0669,1.0081485622743735,0.16632461394165593,0.4418673224993504,0.07624865253323754
P0670,1.0093581521913546,0.08678179358973379,1.5216425995561766,0.0020586486115556912
P0671,1.0095136470484494,-1.4716968449491483,-1.754326610190175,-0.0077916992952230535
P0672,1.0104917939269569,0.41180571343681505,-1.8240620624898265,-0.006174340935880318
P0673,1.0124573111965818,0.40926827699407503,-0.9864945768946294,0.008179570097013533
P0674,1.0149522302563356,0.15795324199333174,1.6881161282318624,-0.007591521276839153
P0675,1.0172064684717734,-0.27578135090224937,2.3638771882254423,-0.022604928925897827
P0676,1.0179290864734496,0.2771672585384369,1.146735343049944,0.04104485421855686
P0677,1.0195395472351845,0.16915686982359912,0.8717435520612378,-0.004436052595659712
P0678,1.021307534959676,0.07957999261493842,-2.09799225407587,-0.025871007880547525
P0679,1.0217696583106473,0.3495154841203425,0.5416400728029069,-0.03510499907080478
P0680,1.022526490752841,0.48413922172222323,-0.42775322276860234,-0.01920924192898399
P0681,1.0252204279184962,1.6771626828038277,2.814213193876386,0.002228566166313728
P0682,1.0258564972223294,0.3198268962980167,1.0374775682982025,0.08055572991860727
P0683,1.0304195828907994,-0.276980825160279,1.8420204620280256,0.03704729589363631
P0684,1.0304585120766299,0.6355778839391846,0.4890655883251122,0.09814279475074339
P0685,1.03089207284146,0.21738421703392896,0.2658913516908767,0.042596558218736424
P0686,1.0323941972095938,-0.4670330160989681,-1.4013461210430893,0.03533752984588667
P0687,1.0339882222086896,-0.30001987031799304,2.015086017250365,0.028347082330396622
P0688,1.0396678270027746,0.5212532426122823,-0.3423252639011742,0.03498139287612978
P0689,1.0411971005217284,-0.19405649111344592,0.3087187372019056,0.010557294342971923
P0690,1.0419044496212162,0.3132802676968728,-1.2143092661601367,0.007594840088542831
P0691,1.0432037505234002,0.45881544257743273,-1.3414611255774727,0.06470724907063174
P0692,1.0432144439464521,0.45235772854630246,-1.956250239733014,-0.009001437989056393
P0693,1.0492023943502888,0.24265696630348926,-1.5456386146646732,-0.020375384332981472
P0694,1.0551677154136734,0.5263020486342554,1.7588178452739704,-0.03876732883921974
P0695,1.0558696903402358,-0.2850068399690067,-2.5432181099550233,-0.007985503887402379
P0696,1.0568312864743574,0.3185998536466333,0.9658987368741087,0.03501043357291911
P0697,1.0575710991931089,0.6194701081347147,0.27312009576397706,0.03562264150943406
P0698,1.058806496657018,0.27437428339454323,0.8629932093494177,0.03903069003246573
P0699,1.0594320423242969,0.23679874581526114,1.2449506710920915,0.012852007964624601
P0700,1.0603602827406209,1.7933912381921453,1.715424678386427,0.029812232348742862
P0701,1.0636293371470438,-0.253945870619849,-0.8896545613796693,-0.0010110158603113817
P0702,1.0665360453891282,1.5878817422383233,0.8677167251564732,0.044073254175890586
P0703,1.0668167811263438,0.46535372180951373,-0.21432832373100472,0.08130059721300609
P0704,1.0682700668164158,0.25573332541775506,2.1945883249220324,-0.007782240711519117
P0705,1.0685815613961411,-0.08214643365228189,-1.1968018527257267,0.006866921929209457
P0706,1.0753246217637098,0.5276069653044155,-0.20269268461764128,0.04079466181377023
P0707,1.0769986067417523,-1.292706688131009,-2.0322933985277545,-0.0019306525215492254
P0708,1.0784549698078827,-0.5691437687195274,-1.2960497285385948,0.09721229449606872
P0709,1.084799864331401,0.2090198949955654,-1.2054404772261584,-0.021457343524065253
P0710,1.0854266134904373,1.8831844284071197,1.7433244836770534,0.04529253714975057
P0711,1.0882461000239705,-1.2628749953279832,-1.7398122680452528,-0.013213540956130254
P0712,1.0888672489280367,0.3183001989098269,0.8717738012819453,0.0503718304811398
P0713,1.0891052527812681,0.6267194898995846,-0.3250794465070499,-0.018459409388183246
P0714,1.0925958609305024,0.5137010093550806,-0.734289338796245,0.006268701943108246
P0715,1.0925958609305024,0.5503987474679821,-0.027210444830135013,0.042952918450058775
P0716,1.0944593525976132,0.49805314890196867,-0.08778428438984054,0.07455408019930565
P0717,1.0949262705458078,0.7480044677327874,0.6253700288021463,0.0841439386083167
P0718,1.0963238097072465,0.6729879979530473,-0.6546020342813567,0.049495089864739716
P0719,1.0972174578922091,0.2979161419815023,1.7838602503962897,0.018900035829451767
P0720,1.0981226574638758,0.520903266759287,-0.8803365649362971,0.02381763792646452
P0721,1.0995967767156594,0.1980076726719248,0.29237470244617186,-0.06542707728065089
P0722,1.101150251987439,0.27539833442435596,-1.5711768876879941,-0.032654761473539295
P0723,1.1015774513382859,-0.32475589592583876,-0.6855157222896809,0.05037257182237154
P0724,1.101817274799623,-0.14710939698951994,-1.2678622150346632,-0.02543106433072495
P0725,1.1041396783675232,0.5308632279542482,1.1580668842633561,0.07457612979917005
P0726,1.1041396783675232,0.5499952872027852,2.074379029062336,0.00275281016037221
P0727,1.1044888116942129,0.6796150323102941,0.5150005755191125,0.04767282103400916
P0728,1.105332512008671,0.8842010260002557,-0.7376533289324486,-0.037607066381156184
P0729,1.107330723306566,-0.1664600170941991,1.0843138289456153,0.029052876234747282
P0730,1.107330723306566,-0.10105042722943051,0.7549392417278645,0.0024404416037187016
P0731,1.107367234551803,0.26647534402018436,0.8011661748771004,-0.007830889009596276
P0732,1.1085045123939286,-0.47713484316341764,-0.8030111505809819,-0.0034332246433068647
P0733,1.1095916073083532,-0.1369307725581853,-1.1267944697970678,-0.04331798830085498
P0734,1.1109770145811997,-0.28902067662297326,-2.3297185790199646,0.01812754174958897
P0735,1.1115995167259867,1.4912337006721916,0.8338525377240499,-0.0047048854995875855
P0736,1.1153938966306716,0.5295302208340261,-0.752677353282636,0.03663842021638786
P0737,1.1153938966306716,0.5295302208340261,-0.5687078316296447,0.03945676023303313
P0738,1.1188037654914795,0.5460328834492099,-2.1774422754002174,-0.018092900442560067
P0739,1.1188037654914795,0.5460328834492099,-1.8690388761382126,-0.013909033433746054
P0740,1.1190257771159564,0.4478119302224414,1.6877602091363972,-0.00474962681503599
P0741,1.119969696125237,-0.6169603981844721,-1.6829462342909949,0.08088198942008207
P0742,1.1211216209488999,-0.18245623095172034,2.2272595531182704,0.005618890617381522
P0743,1.121435050440773,-0.14746495998949713,0.9155649502598436,0.008404922219642508
P0744,1.1216083067211826,0.5301686576534882,0.057670924426508424,0.0689408775737046
P0745,1.1241335261606182,0.926071010394671,-0.6666027368221215,-0.029190899569935702
P0746,1.1241335261606182,0.926071010394671,-0.6076712338420739,-0.011743209216302453
P0747,1.124909793545149,2.029617348623542,1.8073746510516477,0.02393544517747137
P0748,1.125190577404557,-0.2913820528985814,-0.47606878108481254,0.049654697618381594
P0749,1.1266058459695454,0.31470316052581715,-2.0644228686259165,-0.02855281728368253
P0750,1.1288349656967143,0.38903427483248954,0.5259627087828851,0.036353840628046585
P0751,1.1295049325536735,0.3447634222058335,0.7081038734803432,0.07237195318372192
P0752,1.1314767900495006,0.607776757350601,0.15214180546603784,0.02540100771968734
P0753,1.131507557152709,2.5221533796086404,2.0147051598141514,-0.00826158637113017
P0754,1.1339823849128956,0.8616769068326281,-2.057359223954323,0.04735057040919699
P0755,1.1343201812891388,0.84564542174466,-1.8163750992457957,0.0032924433115606444
P0756,1.1353538581912428,0.592296259611153,1.5614830092470355,0.020743949681342855
P0757,1.1365734013389963,0.49971343011869784,0.032144651393944144,0.012566658938094388
P0758,1.137632578159428,2.5492638771922507,1.757546868173003,-0.00349772007251814
P0759,1.1389565274087738,0.8590627537546714,1.6717776830368214,0.0027062691507682146
P0760,1.1399319906703196,-0.7419389457694163,2.1994450154899807,-0.07933073148112357
P0761,1.1413559080169333,-0.5460172913353482,-2.4406744106866354,0.05230548973143767
P0762,1.1432770893976902,0.8654548123886884,0.6878985387141957,0.05758165335099563
P0763,1.146002774669823,0.2223627923085201,0.3015241395567591,0.061953402569008054
P0764,1.146686939254135,0.9058041030619434,1.4650855721335843,-0.04809463568368966
P0765,1.1473673701255223,0.8583322175367949,-1.5812252167100898,0.001114383507124117
P0766,1.1480154961710909,-0.07812613597464386,-0.5845325462618176,-0.0019936622526285364
P0767,1.1492015450298778,1.32470668500676,1.0030228032704116,-0.008367269733181915
P0768,1.1521602507930555,-0.3869405769077613,-1.7465197386473517,0.027726705974344235
P0769,1.154132579151797,0.9535380954633208,-1.998248810192023,0.006259448850224114
P0770,1.1552214071508695,0.4923528724920988,1.2529725233441515,0.029561697876373527
P0771,1.1554141456591127,0.5566365087704417,1.0281566831766136,0.07151132174828856
P0772,1.1575117251342364,0.40893066083048585,2.109792492162335,0.02327016533388182
P0773,1.157792871497838,-0.1329780086285038,1.5493171660526586,0.001505117399157152
P0774,1.1585743272668805,-0.3777340468779667,-2.117251922497287,-0.01477982987922366
P0775,1.1602192941759646,0.5300932001194418,1.7255864845926192,-0.0027301444043321688
P0776,1.1621808843840367,-0.12705753758128024,1.7608159853589354,0.006064814814814579
P0777,1.162697615044421,0.9055816799635249,-1.5077855154158029,0.05110661327935939
P0778,1.1648807254733873,-0.36232454975576683,-0.10053477299775447,0.029531786941580762
P0779,1.1689006994407651,1.1597533106316191,0.9393342544958996,-0.01174474166034023
P0780,1.1722693584215962,1.1862952968533524,-0.019028362159189342,0.011106223883879496
P0781,1.1741416842406596,-0.2801673561407969,-0.846888447730943,0.03442994283248835
P0782,1.1745960609602062,0.4278185917327969,1.3903318084805039,0.022856019585768106
P0783,1.1752701874735612,0.6507978698842757,1.4367719302750428,-0.0138275699782614
P0784,1.1763998323160214,0.6683319308098999,0.38771410267134393,0.052299654326199985
P0785,1.1777071080221913,0.4256569851675491,1.0789470753329287,-0.01187873323565869
P0786,1.1791845592382733,0.20420674621869683,0.9686053052037449,-0.004878499919076962
P0787,1.1791845592382733,0.3409780689142719,0.5585989851071242,-0.03932857043767768
P0788,1.1798129236771928,1.465657057274247,-0.6320980019549386,0.07885502721520732
P0789,1.1809577474759554,-0.21256297681294167,-0.38411843426983516,0.041723901098901006
P0790,1.1812428678376992,0.9339368459438978,-1.6060523084495184,0.047620094536660496
P0791,1.1824228595127215,0.7186137916867159,2.0034519158745563,0.0022033299382653304
P0792,1.183380059934871,0.49265958152911654,-2.36146918959169,-0.035904937891386934
P0793,1.1844423391580945,-0.017308043658046616,-0.474651506753533,-0.07298993894573902
P0794,1.185110363945128,-0.04971726344696628,1.5882736523688101,0.04211467992499185
P0795,1.1860552166455,2.243658539849852,2.4217121191073945,0.039081254091801965
P0796,1.1875686732256079,-0.05839924778745486,1.3954117076893116,0.012176243617291638
P0797,1.1890350647137369,0.9414155710657198,1.007467077586531,-0.03203864134890222
P0798,1.1892280376401627,0.35643330202158624,-0.8639061599997225,-0.022474216224536936
P0799,1.1895598319528098,-0.2598416176892073,-0.8960045518672806,0.03067735954813955
P0800,1.1931653919516187,0.91922876924754,-0.2477347977434756,-0.046143250688705284
P0801,1.1935232012789967,0.4556441911950933,1.6038396017586631,0.018341578411587012
P0802,1.1956085358996804,-0.9781179276627595,-1.8660770558854503,0.00255685119900817
P0803,1.1965323625409403,-0.19055044205028615,-0.39598193289770534,0.054243613667074086
P0804,1.197131760919474,0.6195081638168045,0.46231388166608967,0.043807164131896004
P0805,1.1992441270998486,1.00127453451108,1.6785268694089412,0.008381258080335074
P0806,1.1992441270998486,1.2427762010456007,1.2792158799988118,-0.01174713566046981
P0807,1.199337582768404,1.012152527985226,-0.5881221304003984,-0.05979093148678338
P0808,1.200314059023039,0.3789348112794987,0.6359065500301065,-0.01667012999007189
P0809,1.2004338959325305,-0.1785145264109264,-0.3003326154750463,0.17141320556384
P0810,1.2004338959325305,-0.135264457795505,-0.8961862641460915,0.07927738528858153
P0811,1.200838644919069,0.5152244999720688,0.7283483357322186,0.024630164286261857
P0812,1.2010058131195445,0.7967140576065326,-0.9756592252539659,-0.009153439153439136
P0813,1.2010058131195445,0.9104890446822391,-1.2591872028904096,-0.003306878306878258
P0814,1.2022413863849208,0.833120628138935,1.167798059339494,0.0684334046397641
P0815,1.2035434520359996,0.45285687205220554,2.5149551063753366,0.019960364928317764
P0816,1.2054874494541616,0.6777581469117562,1.4116790620248336,-0.022910327546089015
P0817,1.2055163511877252,-0.15955243711082306,-0.324336709999677,0.14210307665990562
P0818,1.2069314642146738,0.6632766668748409,0.24270895010624058,0.03208928537820177
P0819,1.207771022145819,0.8032167083419688,-1.0313518170789433,-0.018326545723805987
P0820,1.210878808915422,0.25269271682859856,1.0148886023951613,-0.02674142267137347
P0821,1.2115024248227677,0.3071566515816262,0.47555802152097354,0.07568092391026626
P0822,1.2122022357680904,0.40479006475268503,-0.729388665010656,-0.022749980785489288
P0823,1.213808251735518,0.34409533574339984,-0.6405679180903563,0.04176879084967333
P0824,1.2173444749533777,-0.052628758701914156,2.3175107477294423,-0.008092032460346732
P0825,1.2182988562590917,0.4682318997331206,-1.153108597643171,-0.020529590770768213
P0826,1.2220166494949627,0.136491273914351,-1.0069001006382916,-0.0024862718443128262
P0827,1.22247059235479,0.4982009903727175,1.9368956385442078,0.011579980372914633
P0828,1.2229454283935142,1.0796778834711989,-0.43593792765405004,0.08155144518780877
P0829,1.2267778585519686,0.36697978646363816,-0.5750957795106625,0.039135648136336965
P0830,1.2303753956524226,2.4024233109545916,2.4424334051342593,0.03992015968063867
P0831,1.2311913579108622,0.7272696000876477,0.6620726208981802,0.04446432330035788
P0832,1.234628520098224,0.5864335705352387,-1.6116401201013417,-0.03370361701744595
P0833,1.238142278058211,0.5715639283424834,-0.5611473584349522,-0.012815189491167112
P0834,1.2407820919243153,0.1632311374296951,-1.0762646982110802,-0.014854936450903633
P0835,1.2411285177649243,0.7077798115855218,0.5117408982159608,0.03638788698527207
P0836,1.241442124294542,0.5283617594214621,-1.7793262511260401,-0.046441449505153054
P0837,1.2417481638308863,0.7559209265402295,1.4143551967774795,-0.022507033447952574
P0838,1.2422177102105063,0.617373685587376,1.6978989470101422,-0.009476544429723122
P0839,1.242925216922316,0.5992211298597755,0.3564515729686638,0.00518051206483694
P0840,1.2431851498037703,1.1260118488000337,0.4508096835708582,0.011067229977957505
P0841,1.2534899668146957,0.4744592795653123,0.8368819698832612,-0.05439234273618332
P0842,1.2546442561135691,0.9626458718276856,-0.9525869437548367,-0.010603782543325169
P0843,1.2558480283017281,0.6228580159101006,-1.5330977467504299,-0.030236532062235755
P0844,1.2558480283017281,1.036713116234514,-1.4106891445678231,-0.005917798363162086
P0845,1.2583997569317171,0.729768731481298,-0.11452162321413846,0.007150632483765573
P0846,1.2583997569317171,0.7302561472979865,0.45765273638990966,0.030760857325175417
P0847,1.2583997569317171,0.7302561472979865,0.6358107842447613,0.02299087872076888
P0848,1.2597055240567365,0.6525739590766795,1.561786918131689,-0.011149497487437321
P0849,1.2600994591310004,0.19075746751901806,-1.416718322624672,-0.01330927540374438
P0850,1.2613870255647635,0.5912340071875201,1.7785858755981903,0.019042020243329016
P0851,1.2666204700319397,1.181932645826897,0.4889961986341102,-0.0006878840686049825
P0852,1.2667903242712137,1.0647364825630463,-0.8660017515750816,0.05956868589462605
P0853,1.2683765546149024,-0.199286416838146,-0.04339578110325603,0.039537270666723856
P0854,1.2727009984456557,1.2332018278895864,1.0417424226799898,0.08112558924638225
P0855,1.2728423241414262,0.6414147251116514,0.9370056678472023,0.01783715012722631
P0856,1.2749398831923884,0.9823808875043403,-0.7812442014925605,-0.014623349932811669
P0857,1.2749398831923884,1.068657991088495,-1.6733154216748733,-0.0014755091824099065
P0858,1.2749594396906767,1.2619613296476284,-0.23560609178429612,-0.051903267164773004
P0859,1.277067536505232,1.1883093083144685,-1.3757984277534583,-0.0018689237515051582
P0860,1.2771933379029667,0.6877742325659828,2.1547070563909654,-0.01012975953026607
P0861,1.2779692095757,2.5126139731876007,2.029693961003144,0.0040778766171669645
P0862,1.2819602555383411,0.6808101782454745,-1.7744315327156812,-0.03711734693877544
P0863,1.2841969602030667,1.2238732435970445,0.5306186757226476,-0.03412969283276446
P0864,1.2848914947228114,2.534458041635225,2.461141958262685,0.019697324987824505
P0865,1.2869981865916746,0.8081534964672068,-1.112861279742993,-0.025160244603256388
P0866,1.290055790260109,1.1160218855644042,0.5162714268617041,-0.047902546253892675
P0867,1.2914541321873325,0.9192902940626013,1.5098913744780778,0.033933995490375235
P0868,1.2935088737987526,0.2838762462223022,-1.111044691360165,-0.025713749452566104
P0869,1.30159424428996,1.6031519212791299,-0.354730524137674,0.07200395898056255
P0870,1.3028586805783695,0.4434383803108124,-1.8351907881290144,-0.018901098901098923
P0871,1.303924585620315,-0.13327131066461148,-0.7479675458101832,0.02023722053112209
P0872,1.3039958283320523,0.7735471854923184,0.03906601041224911,0.0235705994683042
P0873,1.3080228691017046,0.9669284037389807,0.5550527133661194,0.02099821583786987
P0874,1.3080667026837371,-0.13676208431148354,0.32310571253239584,0.026641050272174338
P0875,1.3131318376292704,0.81541061900752,1.0209707776721118,0.034499921412479706
P0876,1.3144078045612415,1.1498060511579877,1.1618890066327479,-0.0384937607478284
P0877,1.3144078045612415,1.1498060511579877,1.360844567504797,-0.0384937607478284
P0878,1.3149389101642293,0.4088129772403443,2.1905251738322895,0.04464655560558306
P0879,1.3195065529122365,0.8433850264840608,-1.280548465558986,-0.02548833204785561
P0880,1.3233231993948407,1.2021148204352814,1.9096852012699146,-0.04513598095825799
P0881,1.3233495653259877,-0.02540467978860786,-1.8732801401242218,0.0118529632408102
P0882,1.323641317748722,-0.11222721964912401,0.23628012548424351,0.027647410188582633
P0883,1.3240337651123715,0.14171343888548593,1.1465944671565094,0.05087848356799474
P0884,1.3254089052613005,1.2988832942397177,1.8039963983316298,-0.00267829474523007
P0885,1.3267593942029807,0.9391692210025295,1.584950017805046,-0.0481809898437674
P0886,1.3313977396676988,1.6043627369275468,1.4850179491794957,-0.0136525568118957
P0887,1.3325960599893005,1.165351587654697,-1.0012688808264154,0.03213957759412289
P0888,1.333163520712039,0.7172032722668464,1.6832805785559308,-0.002240040728013204
P0889,1.33677487950788,0.20551722187914662,-1.2291211261836068,-0.017116004664883055
P0890,1.3381375860449276,0.7558480969773561,0.8204744828666168,0.025908837397961904
P0891,1.3397183397512902,-0.1586225406195865,0.7382789947270219,0.020891958727722315
P0892,1.3416255150227943,1.1322041734735904,-1.3144364114527765,0.002178992412906089
P0893,1.3421678033664757,1.4531741500744844,0.1861265254016749,0.02452244612492893
P0894,1.344426931265028,0.4564986542625418,2.035939881740021,0.047717581013728694
P0895,1.3450592293361976,-0.1347201513232639,-1.3147734322970055,0.027634433515175694
P0896,1.3471619660909084,0.12228463435660708,-1.5908994522228412,-0.018906398125458246
P0897,1.3471914346206564,0.8520475485585508,1.2137843089734854,0.03660800669403552
P0898,1.3493482273024924,1.739928864775718,3.236254409750728,0.0059119579789455035
P0899,1.350581296612953,1.430371711322941,-0.08339663557369766,-0.05105792729914804
P0900,1.3517395467436508,1.2874782849763455,-0.6370347597233695,0.040397640375791966
P0901,1.3523235445253363,0.22477443163356722,-1.2456132702090008,0.009958179075826301
P0902,1.353351561456163,0.7772189866387724,-0.7261737007921668,-0.023403536434283057
P0903,1.3546003549411079,1.2254332712884917,-0.9216494111382644,-0.015813886849221914
P0904,1.3564350573260948,0.1355934613992562,-1.7324029111860577,-0.021064301552106368
P0905,1.3577489643502891,1.6665523307924897,-0.6256149165971314,0.06613451832345829
P0906,1.3598343386907281,-0.003926780461503295,-0.6438685757097383,0.00966153068956821
P0907,1.3619455693192408,0.9188005655875734,-1.206709245149725,-0.025136514188523806
P0908,1.362375739209184,0.4511741377498818,-0.8588920863178351,-0.028257750608196686
P0909,1.3644382127982742,0.015941635708591917,-0.31077262880707923,0.016561629781621123
P0910,1.3650070633679114,0.7442194111405609,-1.4931490709655901,0.025044100474546083
P0911,1.3655170916017727,0.3409725831493295,-0.9389297635600371,-0.017893068883864105
P0912,1.3688860459812582,1.1718863153866168,0.46686559854530757,0.07804241435562798
P0913,1.3708830334980011,1.4982804351259376,0.014619319408168997,0.023099427972577802
P0914,1.3708830334980011,1.9650431869769758,1.6409329335637253,-0.006921095148683443
P0915,1.3714200590616914,1.7622737260015156,0.20390809428769885,0.0077788157516527345
P0916,1.3724636882124985,0.7483546408878408,0.07142726500517023,-0.02543976321162955
P0917,1.3734722953338445,1.1267540960009614,1.1620503024163116,-0.04007566426183351
P0918,1.3753367489068413,0.8705937824671488,0.7751670631307495,-0.005843681519357213
P0919,1.3762500946746825,-0.49900286143238837,-1.2193736961778672,-0.01714088503719613
P0920,1.376895181644143,1.059275486012913,-0.7670821251973093,0.027210884353741527
P0921,1.376913190871053,1.9257073768610105,-0.34864851724004164,0.04322565026763869
P0922,1.3794084878201205,0.06791932096928853,0.03659054047863152,0.0447357779811437
P0923,1.3816812432716705,0.7155559916722248,1.8889515484977495,0.08403898386323694
P0924,1.3825899809219568,1.1536792869607053,1.0568433706646025,0.07610331251417146
P0925,1.383044208338745,0.6967325935164819,-1.20185547369103,0.028640210458392268
P0926,1.3836289439683975,0.7266661857037673,1.008541768260567,0.0
P0927,1.3836289439683975,0.7401227977421881,0.20241490212532368,-0.002471262215898551
P0928,1.3847998069866736,0.17630281470619524,-1.4479169948121617,-0.017328855223667228
P0929,1.3880352540938832,1.8153696896077054,2.606512149750773,0.009371433587920253
P0930,1.3885911082715845,1.339782979883294,0.642539920275829,0.10304953594018307
P0931,1.391627114430578,0.273452378512803,-1.0745586804928455,-0.008077350902712443
P0932,1.3934954656959953,0.2236112957843856,1.0473571380255497,0.05476320458577866
P0933,1.3934954656959953,0.2236112957843856,1.117496249816082,0.06436809062372051
P0934,1.394932326614973,0.7158157491756943,-1.2261604105908541,0.018848271415108586
P0935,1.3949831028851096,-0.0684728146151706,0.9037140514934651,0.01042154068654555
P0936,1.3965780293702559,1.054051101613898,1.7569957276101345,-0.0033913381886918614
P0937,1.3984436394167474,1.2168453875510665,0.7304382292548205,0.07932990026725761
P0938,1.3994014469393081,0.2830809833900157,-1.1631316406506398,0.024823362359502443
P0939,1.3994014469393081,0.35538757435037555,-1.1631316406506398,0.011479308162113178
P0940,1.3998340896734782,0.6353592171656479,-0.9500355414799826,-0.021255429112173374
P0941,1.4000770744860878,0.8081930421369471,0.9167316382780166,0.06685010759515997
P0942,1.4006889953177992,0.5607354939958176,-1.2227249395882174,-0.02329153865315947
P0943,1.4030216138863916,-0.07783536184658517,0.775578942258918,0.009418718373942259
P0944,1.4035146492697386,0.9128094309762383,-1.7630601723665682,-0.04527613886708359
P0945,1.4035999012378106,0.39523877675399655,-1.0379855360624912,-0.018493491713493126
P0946,1.4051128996159041,-0.015305877199232449,-1.0266763505523542,0.028233514694452122
P0947,1.4051128996159041,0.07990336422227008,-0.458992401082081,0.0006722265403440453
P0948,1.4074951682242163,0.9324453733177219,0.48384487503226775,0.02189945251368708
P0949,1.4110601248876733,0.025484601358966224,0.9286484161653958,0.0258660998937299
P0950,1.4117112538998993,0.762879511079579,0.648094387988817,-0.01981419518851535
P0951,1.4117112538998993,0.762879511079579,0.8219543565307442,-0.017944931491485572
P0952,1.4152632086163428,1.3174446151433195,1.7197323750879234,-0.04925448516656039
P0953,1.417463052319603,0.7841031167095455,0.4965833586679218,-0.00433531412340693
P0954,1.4175110840301812,1.7487603742177518,1.82930814929958,0.0027624309392264568
P0955,1.4182588795516162,1.0188711847826266,-1.0148348810601804,-0.022270640972978928
P0956,1.4190986358889552,-0.05145049342401591,0.7988494917706868,0.017124888454510767
P0957,1.4190986358889552,-0.029134752358702977,0.882320267096187,0.01678494029660471
P0958,1.421240067803549,-0.33839155174046903,-1.1964105709541637,-0.03482634638922877
P0959,1.421841564905747,1.0089791566132285,0.05959539026122217,-0.03113155762344144
P0960,1.421841564905747,1.208643784168706,-0.9331889948644994,-0.006508612802885616
P0961,1.4233755649027242,1.794739638262992,0.3301627606924579,0.04661724071895601
P0962,1.4254321068586013,0.1301477643208895,0.031611419892298674,0.005930504510524459
P0963,1.4255047393333438,0.8120101779101269,0.045957294347274504,-0.024202949503173365
P0964,1.426751218433717,0.7147723202443074,-0.66613490014615,-0.008840769268032567
P0965,1.427117025838913,1.3974743955723716,-0.134399265107758,0.03926268084364648
P0966,1.427385449655671,1.4006997868497006,0.8672238034600586,0.08337312784892559
P0967,1.4279904882938894,-0.05025004740080991,-0.8456435430852718,0.031835638286709544
P0968,1.4281604983687557,0.5850909820098019,1.6976109487595343,-0.024637153646662857
P0969,1.4286067739320216,1.2150904983237172,-0.9565458116149426,-0.0007316244676125461
P0970,1.4314131970033153,1.902293437347262,0.48565032073384823,0.011483339304908524
P0971,1.4360804789001822,0.6984007141352105,0.21757708212865237,0.023925375015756867
P0972,1.437145976269709,1.106056111239402,1.960659177539774,0.003994378282417221
P0973,1.437950910753366,2.3721791636509106,2.4165431594745965,-0.004334043734441351
P0974,1.4385766672200113,1.016988592878574,0.7955144914433733,0.01567100863402704
P0975,1.4416827108738484,0.4495049703586636,-0.8770325739146773,-0.01877275552792823
P0976,1.4423193258869331,1.6703417208960942,0.28397789499335496,0.051119433585741225
P0977,1.4429752412481094,0.8289046608051757,-0.7837882022144672,-0.010234696346479555
P0978,1.4437260722432441,0.9112428855567374,2.4250430432026326,0.01626489262135422
P0979,1.4437350543679854,-0.27545404978318766,-1.2138586275286907,-0.032566757076823216
P0980,1.4440327805135378,0.9901425152198262,-1.5799880354297184,-0.04655451146812162
P0981,1.4443597815370754,0.8173351855978522,1.5600906138227395,-0.018816471229888387
P0982,1.4480046503297435,0.19606141579275216,0.271324014761997,0.007593616355481503
P0983,1.4481341405744468,0.05392632737124899,-1.354365675575341,-0.04892762931528827
P0984,1.4509241120265617,1.0108796699352463,0.6190237664982344,0.03059621474702645
P0985,1.4509241120265617,1.0314920861508103,0.1372650961042873,0.026232451437548265
P0986,1.4512711724044887,2.5181462863459925,1.8602137536952057,-0.025733683749452396
P0987,1.455758503035484,1.023089366420058,1.3515740671683616,0.01581505452164489
P0988,1.4591992640625016,0.5083440552844358,-0.8043977737066694,0.021897810218977964
P0989,1.459653948595683,0.47971207897186485,2.1313598710206514,-0.0009312225621923576
P0990,1.4602069063756467,1.044532105016025,1.4107924588696925,-0.03280437694385796
P0991,1.4606978959586208,1.203360798676001,-0.7884264931838686,-0.019448455354118765
P0992,1.4622811918468468,0.7118033933116241,-0.513526766791571,-0.027164123480817537
P0993,1.4633731905654181,0.21240115137169882,0.30908943894672275,0.011862322013050486
P0994,1.464870908547683,1.7468123841022112,0.46763358573254743,0.0015382689108698333
P0995,1.4660233874669975,1.8386884911018464,1.7033737489735425,-0.006237552253178791
P0996,1.4710539289243356,0.2833859195077711,2.207124932771397,0.019116296472669214
P0997,1.472024204138408,-0.20251518829968887,-1.194746680297462,-0.037568892194442705
P0998,1.4739028637790392,0.657129761177698,0.27229034936495505,0.061101752021563316
P0999,1.4766982395095813,1.0318912328862537,2.29341636124989,0.04484955202237306
P1000,1.4791671472035917,0.708758049418229,0.5115498868271876,-0.0030810878199076797
P1001,1.4804182956809315,0.13443583162296252,-0.7683849158103864,0.028454178095098648
P1002,1.480954203745433,0.9333863105181205,-0.43721746770166525,-0.020804672603963015
P1003,1.4816977166683836,1.0688969804793187,1.5599174922631955,0.007719968818366896
P1004,1.481917404162121,1.1319944934378925,-0.42529209038389715,-0.028085985502858346
P1005,1.4831979976897085,1.6911663263331955,1.319033795826546,0.03648235054070592
P1006,1.4832716974206261,-0.17817494815886975,-0.8569988837675484,-0.03375262054507344
P1007,1.4839492521408968,1.480407971021757,0.07636243780110306,0.03402839686025527
P1008,1.4839492521408968,1.6758864325160578,0.5820921767602528,0.007566697832184444
P1009,1.4844545868549912,0.8711841482649149,0.48755227684540414,-0.010779714030384246
P1010,1.484868621194892,2.4951709649154012,1.8271162170045347,0.007737808038027705
P1011,1.4883922204050546,1.099983222935893,0.3831162004969219,0.022169142345301207
P1012,1.4902063852746947,0.878660802489364,0.4169831844091443,-0.009250125630478778
P1013,1.4902063852746947,0.9033248372752064,0.14087588572045612,-0.02989074801317715
P1014,1.4904404210253386,0.087240348483358,1.2666974062718768,0.01406541264192529
P1015,1.4928348011486543,0.7680976083197124,-0.33225824878254495,-0.02582606178404534
P1016,1.492943184816768,1.035414530072342,0.8820288386371195,0.0
P1017,1.493809117126262,1.0374829315182952,1.2257529386198913,0.07270329670329678
P1018,1.4946673234848324,0.8396620616850544,0.7226646639808344,0.02864609508493321
P1019,1.4948851376129575,2.023730062953184,2.3821333884120888,0.006231142594778749
P1020,1.5017548496545639,1.3610417148200304,1.0302893521523768,0.012258560636902338
P1021,1.5025408440048633,1.0865464903859168,0.35846949328275934,-0.03245367478659178
P1022,1.503092738895247,1.5083434911731257,0.14599964134823123,0.027464528605262606
P1023,1.5031305357313636,0.89169858533117,0.5182879363782747,0.030935264443780364
P1024,1.506107517114826,-0.1191941105766301,-0.7049834340368052,-0.025848449664046425
P1025,1.50734616264354,0.9082066500806534,0.19317814469365005,-0.03347766006448649
P1026,1.5075318968641704,0.35244905497659357,-1.297147384907128,-0.025586733332147116
P1027,1.507922438871747,0.8428973284196766,0.746989220339094,0.17425875365234456
P1028,1.507922438871747,0.9686918762450846,0.7200577334371744,0.1602481199406045
P1029,1.5089985443900662,0.32752815183118567,0.6148093607999793,0.006241937497399208
P1030,1.5098901681473738,0.20387957690069117,0.03567350729761707,-0.03417904115400938
P1031,1.5114040475921482,2.08898638580826,0.814413524734658,0.013921610623259584
P1032,1.5130871100181518,1.145125108544242,0.5084471249541271,0.025044100474546083
P1033,1.5143453476201345,0.9631754442463221,1.160365294540133,0.018348393574297184
P1034,1.5180709937134473,0.14142016367392574,-0.3491335113278593,0.01785117056856178
P1035,1.5185644384515218,1.0368535752823984,-0.12076972197107541,-0.03693270735524268
P1036,1.5217659252149833,0.7663715028006258,-0.5387606802860934,0.02738425587848692
P1037,1.5248640464893068,2.600016434845785,2.3183369961524622,-0.004031179209104008
P1038,1.5256968566061078,0.22447040338314597,-0.5876042727226403,0.02906636576395849
P1039,1.5256968566061078,0.3031562758537883,-0.3846559717878254,0.018158642594449992
P1040,1.5273149544365832,0.8972677479808188,0.6918544553570722,0.02051719380972683
P1041,1.5283453125891022,0.5492348050026628,2.607210899210734,-0.013484337714480543
P1042,1.5294539509620955,0.9296779724915017,0.6760243411944941,-0.025220540440152206
P1043,1.5301305690941733,0.15198424261380342,1.3771642175476013,0.0066825977541395964
P1044,1.5312097350657057,2.2701157860268477,1.7608664159353864,-0.013370957238984182
P1045,1.531439588610244,1.4844222079955063,0.967836817741684,0.050304809212011525
P1046,1.5315710878612128,0.3761811958769124,0.7938003494500488,-0.003284208775904851
P1047,1.5333227194987722,0.23963412073223614,-0.4619638670153727,0.018486798128342308
P1048,1.5333227194987722,0.31727503706369314,-0.2728886275453256,0.005284926470588092
P1049,1.5347884612659108,1.0814865130238458,-0.025725993621408972,-0.0295341398302027
P1050,1.5386608800405408,1.5332186868485553,1.7867302820435376,0.06273040058982549
P1051,1.5388672444869396,1.1268988811637786,0.3059166367526858,0.008170014103000778
P1052,1.539255357979048,0.37690792547330826,0.8047880094072786,-0.013797402597402586
P1053,1.539402513931984,0.7423999526930156,0.8410053691312012,0.04752784637871077
P1054,1.5397946888982637,1.2076443908917405,1.3176476014987284,-0.014974590626764539
P1055,1.5409485823914326,0.33139379827359017,-0.18787974529898677,0.0
P1056,1.5443632834690078,0.012551608663086631,-1.8433596826087133,-0.012358432812978215
P1057,1.5445586428502838,0.956000294541691,-0.3891584515494367,0.031607147246049294
P1058,1.5454815672117606,1.0650602543721044,0.2667830593216423,-0.01684772159200154
P1059,1.5503532218200557,1.5773093065468269,0.5761274535825163,0.028111578673376325
P1060,1.5503532218200557,1.8673033403938673,0.8293690910089591,-0.0017135916012320784
P1061,1.550397243504438,1.0095538344190087,0.9160335309314875,0.15841513219173153
P1062,1.5505552183966447,1.2218507251756525,1.2342947834255242,-0.001462676946723751
P1063,1.5542367881496602,1.5998880762953978,1.6101296820096398,0.10962485953842172
P1064,1.554240918835658,0.21210467087626655,-1.1656962772779604,-0.061466742467310875
P1065,1.5558568639926842,0.38217509001148514,1.821892194826096,0.03289997796498123
P1066,1.5568916534496846,0.011972229718193362,-0.5274833578109486,-0.035512280302167576
P1067,1.558150115929493,0.21793229405803155,-1.2003761660140508,-0.06144717997681248
P1068,1.5593959701467732,0.4466033436432907,-1.666509278087544,-0.03408144525828016
P1069,1.5607337388954523,1.7504269111538715,1.0376842244019993,-0.05055787219655128
P1070,1.5610504708901547,0.7273903522243108,1.9146466271515805,0.03684840686931512
P1071,1.5611017845347992,0.759737372855253,1.0682904400880788,0.06210450341574769
P1072,1.5624612668089968,1.482931004146679,-0.22057921875112632,-0.024073881913458495
P1073,1.5633495546386236,0.4297771392478165,0.09506663633258987,0.0026494210910608107
P1074,1.5639581517074066,0.5483925858641574,-0.6465458096919737,0.005235068157867895
P1075,1.565905112081006,1.0535234613918931,0.8999367375064149,-0.04988887052037971
P1076,1.5668677791034569,1.1224696643796377,0.3233161016104383,-0.036816589065424954
P1077,1.5688983225562372,1.0753507502454849,1.2235722131970626,0.0524903542616626
P1078,1.5688983225562372,1.1528029967311366,1.7709497253367654,0.0524903542616626
P1079,1.5688984746133339,1.8093258591266195,0.6619789336982658,0.01851169444865919
P1080,1.5723986959719993,1.1348575869530808,0.324890137851595,-0.02943787337156023
P1081,1.5725275497531632,0.6665497518246568,-1.3453560187309062,0.014007621794211556
P1082,1.5741406513542702,1.1692246965329987,0.2576047339787697,-0.04305099778270516
P1083,1.5750135247565806,0.46465479998219444,-1.0319076792578887,-0.011407730964144047
P1084,1.5752501080097454,1.2354170680952157,1.1646856694031993,0.03797499690555739
P1085,1.5772209601727014,0.9937175046332323,-0.21199598238637057,-0.03354211307071031
P1086,1.577929612840542,1.1607911183573385,0.4774738181715303,0.0013910207214120618
P1087,1.581077798266952,1.6582418913502872,0.06141572298141891,-0.02088948787061995
P1088,1.5816367173924435,1.246951523480146,1.2190191725646204,0.027839643652561197
P1089,1.582971278414464,0.366153004591554,-0.8209765732992775,0.002331644657354248
P1090,1.582971278414464,0.5467393805403665,-1.1281647330675517,-0.004027386226339136
P1091,1.58320289348211,0.788348797763354,0.9632660681998115,0.045009390931043836
P1092,1.5849806069795092,0.9919468998002678,0.026739070381982637,-0.038103476684791526
P1093,1.5880233267751414,1.2498384216158738,-0.062051324417962045,0.0162523191094619
P1094,1.5880419613676895,1.9283247427046393,0.9899893962236428,-0.0034225062276617146
P1095,1.5891875859537363,1.081313692782901,0.5670823823631924,-0.02917056524850037
P1096,1.5897825359557263,0.8923661601261087,0.07062898730342304,0.025862277916474774
P1097,1.5897825359557263,0.9434933299982362,0.1722936259857862,0.021596335167365588
P1098,1.5913948981809778,2.7744228415569037,1.9273307974976541,0.006775019560423923
P1099,1.5929210886202785,0.4588037603648668,0.3130499561234423,-0.06594614708071167
P1100,1.5930311295337414,1.512825945967061,1.755834265362855,0.06515030535833755
P1101,1.5953601595577704,1.3335860306569027,0.2750727004235878,-0.04914314069505721
P1102,1.5953989306043819,1.2026330421823523,0.13363227984249387,-0.05179610141645574
P1103,1.596287311940363,1.5158860726537011,0.0054285138792186365,-0.039126832047231885
P1104,1.596287311940363,1.5158860726537011,0.08659309509439937,-0.03661504997669485
P1105,1.5979008133063666,1.3267307942965718,1.643274623448196,-0.03487848784878489
P1106,1.6004314231354166,0.4699420268515736,0.3607437041894912,-0.06776909810287113
P1107,1.6010538600213329,1.0962001324924044,0.4879444471427309,0.007096836700092091
P1108,1.6033999911657424,1.2175183632728677,1.0494695007961268,0.15891186900540255
P1109,1.6040187769166463,0.7045884964300353,-1.68035411443262,0.017419332716112734
P1110,1.6048548970781396,2.061709228304475,0.9186382774020988,-0.007392795578539668
P1111,1.6060270509777934,1.1228931114418712,1.2684208309495868,0.017879885129229667
P1112,1.6060270509777934,1.1228931114418712,1.3416481792886212,0.005094268947434033
P1113,1.6063316070055405,1.28279950847848,0.038159846665232554,0.016259760798655654
P1114,1.6063316070055405,1.3155746421343963,1.2579215758082667,0.030344963922111168
P1115,1.6063471797845024,0.5722018764632764,-1.2130672437492,-0.01672878197526695
P1116,1.6071854481220398,1.959319740703756,1.124356544373013,0.0017100677533172792
P1117,1.6077745694745087,1.068656698782009,0.014617725714845216,-0.0315438589271384
P1118,1.609234453383138,1.4707498233184682,-0.01697920305403936,-0.027310887161049124
P1119,1.6093345007767466,1.528597313363552,0.1964706045963459,-0.037288135593220306
P1120,1.6143049334423858,0.33575540955121663,-0.6279904203091325,-0.007027942421676481
P1121,1.6144697202634517,0.14647696164390833,-1.3906800217709185,-0.023034275153847705
P1122,1.6146310953691825,2.1298507244780542,0.9695378600204143,-0.0326811578467352
P1123,1.6188339163545713,1.483469791821323,2.525502991981226,-0.05339901477832509
P1124,1.6193011276116105,0.42073492705500004,-1.3984205027192393,-0.06939920376402464
P1125,1.619764390498386,0.6530587964657535,-1.0278208141724068,-0.0009252595867174085
P1126,1.619764390498386,0.7103757136344421,-1.1815253458356596,0.008087454165381702
P1127,1.6209908955064807,0.5152864682043428,-1.2262239706155738,-0.024871917601801075
P1128,1.6224463143152403,1.504620996538784,1.3416213034109254,0.017173471634415405
P1129,1.6232938630881288,1.0850210788895536,0.2547904335397005,-0.033476589007012
P1130,1.62351681467396,1.4964603064571727,0.1775663988302285,-0.02821438685924682
P1131,1.6248526097253453,2.353767250212071,1.4807376102735632,0.008611046996786387
P1132,1.6253446907760138,1.2394918733394136,1.710498765777019,0.07334278562551422
P1133,1.6285953410098424,1.1664855319112504,-0.16910827270953682,0.008925951286315126
P1134,1.6299013649963947,1.2195934548323009,1.188992702676481,0.12147778569731527
P1135,1.6301707763489768,0.2012390965865606,-0.1668944840885196,-0.03975350182416215
P1136,1.6302795938486891,1.0367596268675556,1.346694413735617,-0.0033614687032488266
P1137,1.630453961586642,1.2658895707970481,0.5436663921777813,-0.0478297029002176
P1138,1.631390323475396,1.7363217862953888,0.07871832591984504,0.0030706425275115468
P1139,1.6352564985652525,1.0180551129160313,0.46417956238544567,0.007782665442064962
P1140,1.6352564985652525,1.2889157063057404,0.6713885770907042,0.007420118915260732
P1141,1.6368367063504106,1.2345471209336063,2.4027579646547186,0.03238648037805625
P1142,1.6369260594383268,1.2177849189803367,0.39573735299318064,0.0038465214067278097
P1143,1.6376808348124194,0.5364249560321561,-0.8619305527227621,-0.0170448537653054
P1144,1.638654950703655,0.5614265925265225,0.3666320885791028,0.00033268874888237043
P1145,1.6414694534341154,0.8525406593195711,0.7880686947858251,0.03732204694113128
P1146,1.6444344853442858,1.1019005673634759,2.366209298344428,0.050754361565410466
P1147,1.6458747957984334,1.3841748692721998,1.200317843451685,0.16295628233730497
P1148,1.6477465353912022,1.2615952246038304,2.4274629164301085,-0.01637005468878605
P1149,1.6486710080363414,1.9950122836930393,-0.4211480988539073,0.03868676462614551
P1150,1.649006778421556,1.7313883171081785,1.486534969430172,0.028010136574645017
P1151,1.6501863247667314,1.3957404045078459,1.3766213308106483,0.012225481255083714
P1152,1.651283049643837,1.0025917898505576,-0.5173848357124502,0.030306013941947985
P1153,1.6522331236730734,3.1257046549918694,1.6878499359752859,-0.02904141652760006
P1154,1.653596342128191,0.4504489297731414,-0.5246281315834265,-0.0063610811724676974
P1155,1.6561592716391897,0.4098851902931698,-1.063043261057853,-0.08071718538565631
P1156,1.6575118116907352,0.22870089928794218,-1.0914649461645451,-0.024857941047910392
P1157,1.6575118116907352,0.22870089928794218,-1.0183493962076404,-0.029247990269674506
P1158,1.6585206042569038,1.1389353729300384,0.14961542344521778,0.028878310753082115
P1159,1.6586809991212583,1.2870639761781328,0.5304612158034083,-0.003841107002266475
P1160,1.6591548487832057,0.9654515532495163,2.381917072996293,0.03766122710753228
P1161,1.6595658026077882,0.758168253883396,-1.0317251074185858,0.0
P1162,1.6595658026077882,0.758168253883396,-0.9758623384832119,0.0
P1163,1.6615357466481941,1.832030658823767,1.8189946132723829,0.06445105550574626
P1164,1.6634194404629514,2.5216868471836396,1.7749542381138605,-0.014322438486962907
P1165,1.6636291419028189,1.0291603595080618,0.47822124110390246,0.011291528940574613
P1166,1.6636291419028189,1.1996971102559495,0.8233571947827864,0.002123193476005536
P1167,1.6636291419028189,1.3366061427386542,0.9020657411646784,0.0052838564914226005
P1168,1.6639132561956282,0.39160840512827416,-0.2862517545912466,-0.04184905660377358
P1169,1.6646138955624417,1.0964408266972145,1.0639484175568559,0.007268020708881107
P1170,1.6646138955624417,1.1395272780191743,1.3140599453609083,0.01600457984866588
P1171,1.6658882890440767,0.6679442465393611,-0.28556159164942985,0.010428305400372428
P1172,1.6665832685926798,1.998513147711948,1.1862488438776975,-0.04081906980912264
P1173,1.6669382061282556,2.015636513293771,-0.5484311898104031,0.03830628775770051
P1174,1.6684946049971303,1.3947138964305887,0.6275073102627458,0.012951199093908405
P1175,1.6694591371091685,0.9539939173808213,-0.31109724088565066,-0.022912546428054736
P1176,1.6710290092639324,1.2901400599908242,1.772241724477101,-0.02360291565428685
P1177,1.671322312881295,1.1081249787293677,1.183535188878636,0.005822198999776207
P1178,1.6723761696290855,1.5822509085983028,1.2579051191155006,0.18276589191366366
P1179,1.6728929779936463,1.8337048454293952,0.4440783690716555,-0.03488351555186597
P1180,1.6729911838401266,2.0658650463257326,1.370698448169437,-0.0051180167145356
P1181,1.6738156342010704,0.3532022348982858,-2.214734625520681,0.004404868138753404
P1182,1.6753114161895317,0.7191478575049619,-0.6910404305775721,-0.016430439911778394
P1183,1.6763076487361666,0.6272513191658681,0.5248722099772787,0.006559827285560038
P1184,1.6770521748240337,1.293135104375838,1.6014311613122443,-0.050158604282315555
P1185,1.6775835023788925,1.2475508029115672,1.523667245903326,-0.0025369978858351683
P1186,1.6806924152919858,1.1097420854623434,0.9625862814552401,-0.02622854195829949
P1187,1.680730461174775,1.2279819985888394,0.8073140105603264,-0.0013978935190763764
P1188,1.6817910589957858,1.2540022237659192,1.3450209253385372,0.04435864285963875
P1189,1.6842765218833111,1.0418752984360653,-0.47558728873769585,0.023120478137779177
P1190,1.685153709674738,0.5682992245785703,-1.5211838545622065,-0.023498916415246596
P1191,1.6865604563811247,1.102176098772,0.7667121719272251,0.002457476027562411
P1192,1.6883496004311243,1.550831375271532,1.335588300957884,0.18463468320276433
P1193,1.6888289902090896,0.5214831088472756,-1.438886513321836,-0.09004206311716956
P1194,1.6902529522914551,2.3014255875666083,1.0684520713921648,-0.044947222702889755
P1195,1.6913834614170198,1.8596839025508343,0.4178485948326431,0.003982582837723125
P1196,1.6914944079263186,0.8102516758894164,-1.1794996418495334,0.011140347879574852
P1197,1.6920017852403852,1.246624311353703,1.0995846632104758,-0.013728323699422007
P1198,1.6925029231851847,0.9417124862349521,0.9407937275594481,0.059044471153846034
P1199,1.6943114831366597,1.3186848953778139,2.1440525455684787,-0.02295411002645742
P1200,1.6967819863063398,1.6358570786544302,0.7437949257487785,-0.060468298280846544
P1201,1.6969856190789934,0.704417634541966,-0.08866350399349839,0.018396401880220514
P1202,1.6972615265141926,1.2818316680657298,1.5769163022541672,-0.0014410295907972825
P1203,1.6979965691720431,0.38011692210469383,-0.05340963550010104,-0.04990583804143123
P1204,1.6984198106936788,1.4756667245429704,-0.43947788012143574,-0.05343682364355562
P1205,1.6988775434597378,1.501049493236454,1.3062067630422247,0.13649479659413455
P1206,1.6993672147171903,0.8197613620407622,-1.251226688720149,0.010214539491664398
P1207,1.6995761039929254,1.5138088113974386,0.9813526405000904,-0.009683682748789502
P1208,1.6997360133861241,0.9276042022052895,0.9232363188179856,0.030272687827509026
P1209,1.6997360133861241,0.9392090381879008,1.3892487370881201,0.047511765294883324
P1210,1.7003084839826639,1.1350147116206417,0.7564933141669591,-0.05070956915107061
P1211,1.7003339857801967,1.4408085040738001,0.5143684041813941,0.014951177344339817
P1212,1.7048434603141782,1.8873613004286571,0.3376703518833661,-0.016557287152182076
P1213,1.7059527200730216,1.2206859138499093,1.0628523942658479,-0.03895109230825333
P1214,1.7059627133756234,1.4621691439633673,0.793258035325788,0.01830376885656726
P1215,1.7064830124747987,1.0981539605740798,0.27482033043871296,0.016722652256462522
P1216,1.7064830124747987,1.2912609019679087,0.3876861806017948,0.010320821771091948
P1217,1.707595078991976,1.7797871078436447,1.5962163354955785,0.013455220044254812
P1218,1.7080052028047121,2.6457344364446476,1.6164401976625875,-0.048122091612817997
P1219,1.7090539664434024,3.2974883101599386,2.0486850112099764,-0.042288825982669476
P1220,1.7092126607697953,0.48780623302237364,-1.1118659077959898,-0.08136088030541211
P1221,1.710547645047009,0.5974272806480692,1.3610521539174292,0.05102762803234495
P1222,1.71164050242505,0.4188511040670136,-1.719777872461839,-0.0018755328218243994
P1223,1.71164050242505,0.4188511040670136,-1.5269907076047509,-0.0059676044330776445
P1224,1.7125342840964497,0.7226543285432662,-0.08618815019849699,0.012572239683666275
P1225,1.7134539090490184,2.1083668317967095,1.2320718072963608,-0.031951023326481365
P1226,1.7135922362774538,0.7685110616923998,2.032159934511082,-0.008146345487543227
P1227,1.7149330997186911,1.4228409045077564,1.027603312207621,-0.005988600014430245
P1228,1.7153319944006544,1.4115873522964897,1.0921498617849037,-0.05682198832883767
P1229,1.7162636521840298,0.626422453301159,-0.7612846458366298,-0.017978712193065682
P1230,1.7183101581821738,1.484398714173036,1.0391889313820164,0.0057450099432863055
P1231,1.7215862096613428,0.7064076360106578,0.46244902227899976,-0.0068784055358733776
P1232,1.7232083625875858,1.3841244777667452,1.0516723813566193,0.0
P1233,1.723590957855394,1.050644300421524,0.6382048142048213,-0.019639994169946107
P1234,1.7242214058419132,0.5347448549547235,-0.4394220487262008,-0.008659741682644717
P1235,1.7292351939457518,1.1690151888533293,0.7174332228886166,-0.031928456943027816
P1236,1.7302592490272581,1.2540923467356533,0.4522773695112988,0.02807486631016043
P1237,1.7310833769475698,1.5721778464346514,1.6452821150414945,0.0032138563823260746
P1238,1.7352321947917562,1.2556342351446594,1.2564170759706863,-0.04311647639336491
P1239,1.7363033027353107,0.9987336572482591,1.1515518232643678,0.041391031943079026
P1240,1.7364082757218602,1.3392009125686235,0.6142044643039682,0.01419025634795279
P1241,1.7366198204396246,0.46965065792178556,2.4389336692613415,0.0013208100968593595
P1242,1.743922070995514,0.47487901827135653,-1.2278197440651584,-0.006561530897814083
P1243,1.7439871819085377,0.6221168835121706,0.6033135795735128,0.015709732168729618
P1244,1.7439871819085377,0.6221168835121706,0.8360480903247791,0.011466655627768274
P1245,1.7445945744792852,1.6524996470087772,1.5822950711840942,0.001399829173388989
P1246,1.7468734317281214,1.3831270237514752,1.7444880007448342,-0.04067037886232128
P1247,1.7476189120856123,0.9157842764914101,0.6975043368638072,-0.005542922114837978
P1248,1.7476189120856123,1.0314516264531342,1.6881250883140935,0.011085844229675956
P1249,1.7493916571779689,1.60609498841573,1.1940491551496264,-0.00286736594451531
P1250,1.7508338638949732,1.725650899007856,0.6768376242433749,-0.03295310519645123
P1251,1.7508338638949732,1.725650899007856,0.7239277962667894,-0.03538234051542033
P1252,1.7532721760148124,1.7415972892136327,0.8988656573841723,-0.08180098539503788
P1253,1.754577067121868,1.350121289117242,1.3469001032444663,-0.01122813752069296
P1254,1.7557782665606667,1.6179265495719213,1.3683421063374643,-0.012175702491486917
P1255,1.7572592266762568,0.9313674131716067,0.7901584826320548,-0.007068643992540591
P1256,1.7577710108076587,1.99591059853364,0.8103883837161966,-0.03262648482182151
P1257,1.7591900041819288,3.449062123543532,2.434976197743298,-0.029851067956980115
P1258,1.7600281987891202,0.5400551484902125,0.1921132159220218,-0.04040764235576744
P1259,1.760281762435751,2.373738363007511,0.5833668657094006,0.02088400126890133
P1260,1.7623298527586395,1.7705832173784597,-0.023895850501360248,-0.05940520446096653
P1261,1.764668111145904,0.6254248063271629,1.798742778597606,0.031099231764923463
P1262,1.764836598255802,3.229089254428102,2.135910821288098,0.002434420590258668
P1263,1.7663495141622167,1.6299365982418308,1.3461238482845783,0.0010424811050300242
P1264,1.7709864163626716,0.4454730985313172,-0.9947462506719611,-0.015311420318311453
P1265,1.7713743120058492,2.695738468306489,1.7198273388401626,-0.003668171557561939
P1266,1.771511703239524,1.6463756965599565,1.3264431839068331,-0.008289713649605734
P1267,1.7771197152530847,1.2506623844117075,1.342207757319737,-0.010853158916121597
P1268,1.7779910183338725,2.5004903458461505,1.526095473271695,-0.0398561646785236
P1269,1.7782216572451532,1.4061855849148304,0.6976054679173229,0.0028358823957146395
P1270,1.7794283218434852,0.6006381485825804,-0.34948383316653736,-0.021273017741528677
P1271,1.7817971425372134,1.425944276831962,1.6240839025194815,-0.052331389751693824
P1272,1.781926714298818,0.9916783819938684,-0.9505959695291325,0.0255674509726318
P1273,1.781926714298818,1.1038345360594253,-1.4831319162984793,0.07668256386915484
P1274,1.7833670913982034,0.8790710992555975,0.1917910154100761,0.016800916720029813
P1275,1.7877941433832178,1.2378454232512037,1.000406598135446,-0.03956782277101856
P1276,1.788779705665784,1.2075333993839437,0.7185474546610442,-0.009456774162656334
P1277,1.7909017675352628,1.1688281005721484,0.017077202583058223,0.02331357937765266
P1278,1.792386990511023,0.5611731702625818,2.280984534176588,0.0009830784998638986
P1279,1.7939315012495618,0.5976643723861814,-1.2613653188317686,-0.02540669755241054
P1280,1.794278274362687,0.9199276208798545,-0.3776278376313719,-0.0070965436258744186
P1281,1.7958790660218442,1.1204358211245808,-1.6168711464581127,0.07303326345765937
P1282,1.7969546396965705,1.1118568874194208,1.5583987982745338,0.014439024390243915
P1283,1.8021510811535586,0.968761157721734,-1.3415399009039144,0.030861362051072705
P1284,1.8032679849331357,0.6432285873281104,-1.4107879000323122,0.008743828440055612
P1285,1.8055938197457102,1.7102127265902127,1.7848075234321035,-0.01678229431307421
P1286,1.8057991231984447,2.280892844944627,1.7870485988653815,-0.017000150443809092
P1287,1.8081469204922147,1.62158403854004,2.5023396848965795,0.003895475441567875
P1288,1.8090360430891952,1.0934201889309136,1.4118213824893695,0.021397481476559177
P1289,1.809490665736848,1.7673204913289988,1.7845257092767477,-0.00448917871656751
P1290,1.8111310135733245,0.6374966572126826,-0.6453906422421675,-0.09208152355496146
P1291,1.8125272140445936,1.0481506116180028,0.44982535140126584,-0.03018852425350138
P1292,1.8174042684907061,2.0307773325212173,0.6891868552782381,0.0007382992748847794
P1293,1.8227178541923101,1.3600581349169214,1.241289744495551,-0.035708459460929154
P1294,1.8242065680049533,1.154141460499285,-1.2231937761692018,0.08174510694606285
P1295,1.8256487539006987,2.0393492425702995,0.7650751015118055,0.008750889585914301
P1296,1.8262068796812174,0.9582666916290142,-0.16803592832551087,-0.006781792840874323
P1297,1.8263019573578074,2.021002490498858,1.5188565805524346,0.12404119068283648
P1298,1.8264426607973692,1.1599152043188043,2.080740258442676,0.022418345827352137
P1299,1.82659719047084,1.8788494830520617,0.8503298596656865,-0.053088042049934336
P1300,1.8274104218151193,0.8065651917831127,0.8791030291432722,-0.06410213450390378
P1301,1.8274154873979007,1.0016171942136094,2.2939612244709746,-0.03341200615700357
P1302,1.8381589197279795,1.056431910631316,-0.8609730986364988,0.03398728930643835
P1303,1.8387474534894084,2.554841588045273,1.7836480523298508,0.024307370622059565
P1304,1.8396123066855448,0.7399731416497931,-1.4310603352765434,-0.09318399004378064
P1305,1.8427840276335754,0.995533728422881,1.9956003698545635,-0.04376807432778884
P1306,1.8434320152183983,1.6385673834889871,0.6115593084397166,-0.052707581227436795
P1307,1.8445548149706303,0.7579929514770699,0.7008191521105809,-0.060937791892396787
P1308,1.8449236963209605,1.0642218088132638,-0.8953729490198897,0.043131683832524415
P1309,1.8459572071618626,0.7931230513952713,-0.5200991335509745,0.041352805534204506
P1310,1.8470501193528652,2.2561225592438285,1.5755479148383802,0.021967641443071173
P1311,1.8497960295442109,1.0354417050686437,1.3004212404403714,-0.01433987143563542
P1312,1.8518983546947387,0.7577760332114816,-1.256225318646781,-0.09957594191958441
P1313,1.852111271451002,1.1873440306295915,-1.0308982616974698,0.0519142389396241
P1314,1.8558023082528485,0.8248478079327933,0.6579983555738541,-0.04295875884472489
P1315,1.8559306818981731,1.0908654003689526,1.2754517402282213,-0.0012393987145664642
P1316,1.858152567869246,1.0282596817944238,1.8123735432207317,-0.03759044046813831
P1317,1.8604923356688756,1.961033866690254,0.5716298008059465,-0.061796230134286145
P1318,1.8637287756474064,0.6782560238877439,2.2254467294816367,-0.00725740860461721
P1319,1.8654266468895702,1.3479646837176766,1.3154042800964485,-0.03592399431051441
P1320,1.8662822891356687,2.4976178983475585,0.9019514954765095,0.014207535255735593
P1321,1.868067640472137,1.4078643009549399,2.3432138939578273,-0.0027875062540204665
P1322,1.86815719852427,0.8420935002260889,-0.8381296575943493,0.005594668168590999
P1323,1.8737004981777827,0.7455275785020367,-1.2109440886509815,-0.017416763634998556
P1324,1.8745267745456613,2.50725297331845,0.8320444826140226,0.016385250644363802
P1325,1.880379647806959,0.8798470435149716,-1.3872669390836634,-0.08349024211948697
P1326,1.8813870405851292,0.8155311184486773,-0.2690517331179692,-0.021160809594574892
P1327,1.881753905372359,1.0658159182454168,-1.220870016714857,0.029527993080171733
P1328,1.8827712599556539,2.516888048289341,0.8189503318095164,0.015301293511410297
P1329,1.8860922096418715,1.404094063182047,1.0493063115383554,-0.011582740135337
P1330,1.8874487275767267,0.9963697229789432,1.1110156713347321,-0.017566594672426383
P1331,1.8883248812118838,2.4767178441760467,1.381196788447501,-0.08442989634478992
P1332,1.892183618651773,1.7624927251011788,1.7870020333501022,-0.00599494402311318
P1333,1.89393648946107,2.48862399668146,1.817461895624929,-0.08307155322862125
P1334,1.8939683266200769,1.1206985706323889,-0.8066651229236326,0.034233631245324636
P1335,1.8939683266200769,1.3827036050981654,-0.8733549682558096,0.031300444899405644
P1336,1.895162489207381,2.0282994151705833,0.5919290512190155,-0.07221894364119208
P1337,1.8953653008770628,0.9381758358474156,-0.4102323184853077,-0.04385718301939834
P1338,1.896093651576063,1.2406138940383657,0.8088575994658495,-0.036547433903577065
P1339,1.900438767094734,0.7465295113833221,-1.0981635400432725,-0.020163406041526222
P1340,1.9068584446179646,2.0509914074290143,0.5690684296897662,-0.0711617849420092
P1341,1.9070586752857117,1.6104856686346776,1.4417189660337055,0.036481542489553265
P1342,1.9091401692830239,0.7814455308861088,-0.6751586712633405,-0.09461609866065523
P1343,1.911358300536306,2.312011662154132,1.280132685995255,-0.012143407864302236
P1344,1.913854174948153,1.7576826827203644,1.8214924024565995,0.039799402475458656
P1345,1.9151082534731483,1.262301348044988,-1.2638377723297847,0.056324732536186195
P1346,1.916323653195253,1.7018277948189982,2.1641582992360333,0.0
P1347,1.918368917609558,0.8969285553235182,0.9428062759951289,-0.07174813034188032
P1348,1.9229677274611054,2.8294211607175854,2.137845009977717,-0.04537391267178181
P1349,1.9237067060933162,2.0158055658068994,2.7558880818434255,0.05058025428790858
P1350,1.9258792521246961,0.9526002412754713,1.1468597372639366,-0.07868562464537243
P1351,1.93403473528288,1.1898440765664398,1.300033537947991,-0.02647761864874254
P1352,1.9341873532810698,1.2173638040082233,1.117541390425328,-0.007347616440291804
P1353,1.934875594358133,1.0033763007403396,1.101854886506014,-0.048015614834092446
P1354,1.935540787690188,1.6555582881008468,1.6780059091900545,0.038317627494456774
P1355,1.93608425121288,1.5338589582804227,2.484774184476396,0.001731992028091378
P1356,1.9373009310635048,1.1335409434460144,-0.8332480438644407,0.02547048470078539
P1357,1.937893726933562,2.810886885115345,1.69791986018109,-0.01729177240667179
P1358,1.948410255670107,1.102516265100954,1.384538887322289,-0.11823062558356678
P1359,1.949996514229503,0.9058161858943351,-0.44855263920971133,0.030064410083905146
P1360,1.949996514229503,0.9058161858943351,-0.3607167333815316,0.025955161407465344
P1361,1.9560382874187285,1.836480259406479,0.91681256390182,-0.07264269877842022
P1362,1.9563378309916408,1.1141365064261428,1.5198033121226462,-0.10429202433536133
P1363,1.9569653086422194,1.4605435360170755,-0.8694134662173812,0.04971833474002407
P1364,1.9578914395807678,2.855872148572806,2.0110936713672727,-0.025144695658255944
P1365,1.9580051329559476,0.8532149123472138,-0.5074435398292639,-0.10356443054974562
P1366,1.958183171840498,1.8731575960101683,1.8274931708351843,-0.00422102839600913
P1367,1.9601107574825616,0.9685252143556015,-0.423145732508279,-0.004948923375726055
P1368,1.9621364523423956,1.2656489849940553,1.7941650318576754,0.012579446966570318
P1369,1.9641528837722646,1.2015187642701068,-0.5654630160605874,0.03117887136017572
P1370,1.9703799865344143,1.246288621550082,1.436653661454311,-0.030129742359958023
P1371,1.971717462479817,1.9348211728338287,1.4407130538754476,-0.012575440014141126
P1372,1.9805273012455764,2.200378695635222,1.1176514764234606,0.00143971519815711
P1373,1.9835230808920281,1.2971127976068964,1.3007615948828912,-0.013755643340857882
P1374,1.987349733472954,1.6061129797062965,2.7017028815024884,0.03758337832424807
P1375,1.9920586409128922,2.1197734201872,2.441780423357181,0.041373145763721864
P1376,1.9928479567546467,1.0969483166739602,0.9617729973476531,-0.03338681077429706
P1377,1.9928678260248323,1.8298037631623858,2.8315857168139265,-0.0013873823878112201
P1378,1.9932182042351019,1.6419365509593327,2.39460066977942,-0.004846908618040047
P1379,1.994548362460839,1.4673666118324693,1.2257517193253376,-0.03961445193894808
P1380,1.9980419377490677,1.36718430961021,2.0707888885309793,-0.05265332518952326
P1381,1.999773224539029,2.157435194211004,1.8100560743775833,0.01083321959874417
P1382,2.0013085745150616,1.7286311567625376,1.4993829641638443,0.024751534007432463
P1383,2.003152848909845,1.0277060167140941,0.07614418669896976,0.00894204437489532
P1384,2.004152258839169,1.268910192363293,1.3148118766483323,0.02948179407266882
P1385,2.0044245786252333,2.960549396233449,1.6940457746666537,-0.015407433257721204
P1386,2.0063660863989576,2.7557508854907593,1.8150175347592445,0.0725067822941543
P1387,2.0118324445109455,0.9526529544365457,1.613794299748874,0.04288544458687804
P1388,2.012916351070551,2.2340540565423352,1.0486730704890026,-0.014481010011239692
P1389,2.0152469475442327,0.9944735687475432,-0.9931181410654358,-0.10662779993863136
P1390,2.0168031475062427,1.023790107971779,-0.9822501820989127,0.009581777573184569
P1391,2.0171209059319812,1.3667687619813598,2.1458450315012536,-0.03666530944625401
P1392,2.0199622906643655,1.5383834669359904,-0.346169165502217,0.027555973070299
P1393,2.020564730667114,1.8761108569708487,2.0435652209731785,-0.0184895964532219
P1394,2.0231345276161905,0.8915184537866331,0.23378663008250516,-0.025321459781115996
P1395,2.023486850366743,2.300299588983703,0.3905958500711642,0.04254807692307683
P1396,2.02433918391813,1.1344161308064236,1.130607949948,-0.025688599524347766
P1397,2.02467389462349,0.9648073605091183,-0.18683849081091425,-0.024337147641641188
P1398,2.037487629702455,0.9092530850892282,-0.967283617380306,-0.03146867798030584
P1399,2.037548090496197,1.3074598330968654,0.9518583093661677,0.01824436627884518
P1400,2.0385942489354636,1.791270600778192,1.4121669216776203,0.019420995390750484
P1401,2.0401737162854916,1.5724471395907123,1.5200441980320958,-0.04403270419785221
P1402,2.0424991230936307,1.5120347954470195,1.6925405616178795,0.006706801858893163
P1403,2.0454469803054915,0.854456352544855,-0.871550265981144,-0.029112996125248536
P1404,2.0458942927105266,1.5849652942153243,-0.07614410392833111,-0.013389711064129783
P1405,2.0464621404151337,1.156594651219518,-0.11844095603381004,-0.03787441640874989
P1406,2.0464621404151337,1.156594651219518,-0.0900984445027477,-0.047579079892986376
P1407,2.047691360310069,1.2580872107373124,1.810758397135486,-0.0581236374385693
P1408,2.047915667540565,1.8069304617821074,1.3044092249728332,0.022849253602554187
P1409,2.0536980531633118,2.0333123470772163,3.030438106874472,-0.011495623554103274
P1410,2.053936954282062,0.8631244362632903,-0.8605306096704177,-0.028789179456041425
P1411,2.054138778120519,1.5919486188790573,-0.1844269150074178,-0.027839382158791448
P1412,2.054389420494818,1.1431883567146461,1.5182477639813026,-0.06984891250207537
P1413,2.058938853592284,1.2834813498004503,1.71772997919953,-0.0632766483871563
P1414,2.0709439221532246,0.7940412306526355,-0.6277220672641743,0.043434635793536014
P1415,2.0720134028184036,1.0713876271655935,1.098246365100228,-0.03205603070913876
P1416,2.073259285704289,1.1240989902525544,0.3125091998742105,-0.0018369391769028631
P1417,2.0773376648466284,1.2914980845474473,1.915369656145809,-0.09957700920627022
P1418,2.0773816728340964,1.3534407298754627,1.922350285723195,0.02715996990798808
P1419,2.078114799992304,1.496649889424682,2.0139874104729887,-0.03594127561069704
P1420,2.0851365394241244,1.0521969477881365,-0.11419736723580891,0.01098963671563613
P1421,2.085479384366617,2.36343375925714,1.5015466072610868,-0.09548671039005885
P1422,2.086527827945494,2.310588967694866,1.3908156853155509,-0.00758167891199002
P1423,2.098585331411281,2.571322767741831,0.8980844181945147,0.009959788021623783
P1424,2.0998686683920393,1.3245240335769308,1.7806491762349528,-0.09106879464359707
P1425,2.103937394392695,1.3840946610611928,1.3503001737582143,0.01851388059413961
P1426,2.105866930724959,1.0827353642235074,0.3619123967144344,-0.01655739526614075
P1427,2.1080037713946567,1.4535666820113935,1.9942239255825682,0.0020840854639141426
P1428,2.111712725944439,2.028503292958694,1.9117739449445923,-0.017026505178163953
P1429,2.111814814927802,1.1175200555142548,1.3180367366038672,-0.033536739119471415
P1430,2.113364915771813,1.4963047280498165,2.6272760521734098,-0.015787651001242575
P1431,2.1263244099952985,2.603226483481942,1.3418986418237129,0.009230687380293645
P1432,2.1271613631804613,1.972951104338103,1.2033903092752773,-0.020519622376531155
P1433,2.1281467273554733,1.764203122299575,0.9013200452184695,-0.008028300288086654
P1434,2.141969574075086,2.4691739698163357,1.2806562824256889,-0.07350063436767507
P1435,2.1433917509116642,1.5488081104147564,2.2126697700677807,-0.01704915364583315
P1436,2.1475811823242723,3.0267820899261375,1.9911717651245648,-0.09903693194032426
P1437,2.149948351022428,0.8813146703579864,-1.565733911027838,-0.07675184756477615
P1438,2.1525214286992513,1.1251868071434024,0.033776957289212976,0.012843307861087894
P1439,2.1670961815617185,2.236802954231826,0.8522775840524959,-0.011274395459139996
P1440,2.1691942302926304,1.8878465982268453,1.4038048270750936,-0.01931584630926253
P1441,2.170430067865887,1.2577041349709748,0.8619256913457713,-0.001217891939769622
P1442,2.172342408701523,1.1487497001092128,0.5046853322206971,-0.030726603531698427
P1443,2.176793599884723,1.8282851705140541,1.0960293309359352,-0.004673588935648287
P1444,2.1772705725066976,0.9167444058497645,-1.292670345229845,-0.07529103350217714
P1445,2.200450154639151,1.2451051577243102,-0.8589816259695787,0.011362866626024593
P1446,2.2021884601378123,2.767741534859225,0.9958101027628931,-0.0192908572204864
P1447,2.2076881787102054,1.0673576229347843,-0.03241078828526503,0.004998396740667932
P1448,2.213612125020106,1.0738048441692651,0.02742710070593498,0.013425602926479874
P1449,2.2150360595192176,1.36130456083078,1.8781784675543818,-0.03250004185991995
P1450,2.2203666520240453,2.89035869888452,2.4345397891469993,0.008083538734727336
P1451,2.223822564817601,3.6430780802491074,2.060777290028059,0.029410419430087265
P1452,2.245145534704299,2.2404688589104684,2.375135153949585,0.03734334782058335
P1453,2.250636789456988,1.1140999768847741,0.13819483968012353,0.004347580599627365
P1454,2.254288479274362,2.033251984483086,1.5063067326112662,-0.024370331770019127
P1455,2.268337270848797,1.6601208448486355,2.1147787566543372,-0.010352641961621889
P1456,2.2687788750310607,1.1338445919153743,0.3171082071213386,0.01526832386897814
P1457,2.276707278338309,1.232954429203431,2.957427127380831,-0.02300453119553847
P1458,2.2920435241114543,1.2204636135853564,-0.8990470999152103,0.002447216080741388
P1459,2.2924717961251417,2.0984979911365325,1.5531131682787478,-0.02947605829285216
P1460,2.293585400203773,1.1608423308347675,0.32712972840811816,-0.003436684256981404
P1461,2.297472274236432,1.0156908973973604,-0.07728246588393675,0.03949377720088565
P1462,2.297472274236432,1.4290185488048126,1.9881094273093636,0.012006566389249462
P1463,2.30032835150091,1.3654694830283205,-0.7777292469736904,0.0036781454048491202
P1464,2.3045027218534875,1.5193224126985627,1.9413578121812414,-0.014163153010890883
P1465,2.308613178890366,1.375453620611143,-0.4644771819079455,0.0
P1466,2.3168980062798217,2.2250252903316405,0.7384235230217139,-0.013135486046707778
P1467,2.3208365457857156,1.5532179874367376,0.675796320147159,-0.04836025792137555
P1468,2.3232042116526035,2.6251789086144472,0.7968922637781879,0.03877728796557833
P1469,2.323262337575307,1.594036663684638,0.5239378947351793,-0.041434612211221244
P1470,2.3236832007548753,1.4816232581338835,1.727895939012027,-0.005083095407060201
P1471,2.3236832007548753,1.4816232581338835,1.988798397350905,-0.009869126796824723
P1472,2.3315790279349042,4.470629859388677,1.9659587728853978,-0.01125052187479414
P1473,2.3326760921447067,2.635445975149052,0.7238200887330828,0.035464548645011584
P1474,2.3393827282560933,1.8624129657029524,1.5930550338700111,-0.03151093094965873
P1475,2.342439279762799,2.0464886005101888,1.2200353753636644,-0.005992934645470682
P1476,2.342439279762799,2.382253646713515,1.5613022086399728,0.0036588443098661827
P1477,2.3441459666727575,1.6613734022412197,2.5852530337615605,0.010075422824927571
P1478,2.348426883814035,2.0206823056163676,1.516830952190581,-0.03273159144893123
P1479,2.3529761482304528,1.9654541658745426,2.95319093704554,-0.06178148154729124
P1480,2.3542440525752637,4.551048759328396,2.3392714896074147,-0.009630994690886685
P1481,2.35586165382389,1.2173439229000673,-0.4263772755388536,-0.03465756259052355
P1482,2.356087127628146,2.5210210731498224,1.0408967942059897,-0.021371721493129825
P1483,2.3574238274520583,1.1827685416314884,0.23968775077053056,0.02048080400479657
P1484,2.3638615781329304,1.1891274054496708,0.19780547160624584,0.03813293246817495
P1485,2.3643516278004606,2.1832888036276277,1.8161163627099515,-0.02320771108261277
P1486,2.369545729159865,2.761645464364798,1.8852708519238384,-0.04493575301428543
P1487,2.372140358220267,1.8613054273373648,0.7587606657706287,-0.027092392003499
P1488,2.3777483525463228,2.9735163659903177,2.052513742566336,0.04532276330690821
P1489,2.3791123750529692,1.152365715622679,0.6047230827879758,-0.015164547494390446
P1490,2.38072011707844,2.0011062970536475,2.362063808182088,-0.05462997462784547
P1491,2.38123362114688,2.438788087419787,1.8682345847757031,0.014931014931015119
P1492,2.388830812205039,2.69631501246136,0.9348169087033027,0.03501843075302791
P1493,2.390622648571136,2.075936781994254,1.7730411435607016,-0.046999699732920286
P1494,2.4009386834372117,2.1235492914010163,1.2232996727718342,0.002308451029359171
P1495,2.4113428761654867,2.8485143456269046,1.2976441668548995,-0.043138805158867366
P1496,2.413096574396618,3.4891915237649984,2.119129150995153,-0.006835055191106498
P1497,2.4283551787540234,1.1283820358643932,0.7558672413036721,-0.02501259022998159
P1498,2.42988049367613,2.5096804813213103,2.3196000527356198,0.01656253930982432
P1499,2.4397001468425317,1.2984745101902522,-0.25106817798847225,-0.025738327008744344
P1500,2.4420909534982456,2.432629186795073,1.1179137733382924,-0.02099803615489193
P1501,2.44575183509521,1.9236565404064185,1.0364575261821658,-0.014567090685268735
P1502,2.446593482073848,2.921777257534718,1.74137917686886,-0.05297947908445155
P1503,2.4590856502366365,1.242488817318795,0.9468190164329039,-0.013576430274135798
P1504,2.464836221307628,1.7122722002938042,1.6809940411389028,-0.008507747549574618
P1505,2.4687153894472758,1.531191061366026,2.5941977863963235,-0.03578594763112952
P1506,2.4698963995101924,2.2918273849653765,1.170043966297768,-0.02766889554991936
P1507,2.473401173741683,3.0024119999374994,1.2710020488571134,0.0025455976905917055
P1508,2.477564332865792,2.4119307937847223,0.9316462586999167,-0.0016063942326528524
P1509,2.478140884920185,1.951091030156802,1.032663766104864,-0.020232028068737695
P1510,2.4785273662053795,2.2257561024772707,1.277135269631403,-0.0006697783452289663
P1511,2.488845868265416,2.720673174582156,1.021789160864846,-0.008868882290968383
P1512,2.490604794662612,1.3143175368701514,0.3644720439689348,0.029129151849890178
P1513,2.491025043749179,2.1007990813000896,1.6813712785608856,-0.04870353768705604
P1514,2.4922601860232785,3.0853829603426854,1.303823054371404,-0.010019099956438682
P1515,2.5002981349843703,1.8126396129148046,1.1818263323925242,-0.06152944623498391
P1516,2.5032210185255024,2.7422915549920264,1.1459772555394405,-0.021248492505599348
P1517,2.509037412540081,2.5476996867678308,0.7981996477838746,-0.06267827284351324
P1518,2.510255221699587,3.3756108656889214,1.9977502869535324,0.009187914186229218
P1519,2.516087533721754,2.5610529103890944,1.3013960627144785,-0.04188584632023984
P1520,2.517173370248525,2.1527442639872563,0.7919523723346736,-0.008245332108968495
P1521,2.530907052854234,1.375317914089942,-0.7579657473320975,-0.1142770470845702
P1522,2.534144591158851,1.6472440325879367,0.19011473646053698,-0.021546748749518896
P1523,2.534144591158851,1.885754463225829,0.33944102805189896,-0.015775298191612053
P1524,2.544288018448442,3.1248201848220702,1.652410279961332,-0.05817664097402919
P1525,2.558999073327218,1.52975900426524,-0.05058906511961293,0.007888887031806346
P1526,2.5628864711824133,1.4167868090405464,-0.5145605699694568,-0.10297487784840231
P1527,2.564934801909049,2.653571674050683,0.9615394300592703,-0.06184555776257383
P1528,2.5654578863704964,1.5492937994123062,0.058390027957717,-0.031770138532580816
P1529,2.5669400889253318,2.5473016162725246,0.8921369251375665,-0.010989869019500498
P1530,2.5761192927309104,2.2345697073186277,2.090674846265761,-0.04351788170563964
P1531,2.5855514958227728,3.2768064734469635,1.8227222072361473,-0.027759190105122178
P1532,2.5923858970300953,2.4057900419593152,1.5189271147822625,-0.03389312198975558
P1533,2.5925986510733394,3.274441477180727,2.5425988583267984,-0.0012186164529914834
P1534,2.595182494354447,3.346369383696215,2.280337013661356,-0.011936789865482633
P1535,2.5997793750967904,1.3348477656325004,0.7881970331523638,-0.019897921443893907
P1536,2.600883478462795,3.2900518134334114,1.625279460106913,-0.01907479723640737
P1537,2.6091683058522466,1.9838126124628455,0.39604897549090656,-0.026326326326326366
P1538,2.6137571336266756,2.2937374842114413,1.7797601157633633,-0.056243452575177266
P1539,2.615290907777214,2.620535012044615,1.0051394450157192,-0.012585723192019893
P1540,2.6182917073152314,1.4219005475471718,1.4714546897051202,-0.02477552377785175
P1541,2.6220274074397425,2.9209611107324194,1.1227939204625117,-0.011671744097486725
P1542,2.623030224861867,2.308315052431414,1.5887149203028286,-0.06129176252446522
P1543,2.6235981358307585,3.175158948579083,1.5327404949835768,0.0014350196989068031
P1544,2.6235981358307585,3.380940590848004,3.6811008882920246,-0.007957836512119343
P1545,2.6330194322650624,2.4435949618274964,2.0623236028183025,-0.04123632663444421
P1546,2.642767883598368,2.027728225311324,0.5860231458555343,-0.02086214653491736
P1547,2.642767883598368,2.7654060208320472,1.2573999940729468,-0.02447802976021851
P1548,2.6432292733115728,1.7334640164332473,2.5380519732594498,-0.011960067213600767
P1549,2.6555792171019745,2.2641340489992325,0.9560498816850729,-0.0659684074318222
P1550,2.6577528884950428,2.466606652182042,1.8289330173331473,-0.039438910347631695
P1551,2.6747663013188547,1.6541357167550568,0.2878155417026277,-0.030042304469559022
P1552,2.6759071931561866,2.82035999342531,1.1983446684713486,-0.030473495880835366
P1553,2.6768972049903628,1.4983271586088225,0.8609475928791374,0.006844049427162435
P1554,2.6898727051263474,5.74190945569603,2.2690465989958226,-0.022223174678010382
P1555,2.6910712092592086,1.9845296700083925,1.9048462485474749,-0.026174485886935273
P1556,2.6910712092592086,1.9845296700083925,2.4709826567291033,-0.01599640962349136
P1557,2.707491934475108,3.483007964343762,1.9934578461431776,-0.011521156796962306
P1558,2.712480937590597,4.141366912247724,1.7976447083136982,-0.0173501271178218
P1559,2.71253772976671,3.568290378629727,1.7928548618543059,-0.04876326600479286
P1560,2.716407068072968,1.5324682417576807,1.82494566896268,-0.029526943795848526
P1561,2.716407068072968,1.5324682417576807,1.961455762840575,-0.02770678972624141
P1562,2.7227012610272396,1.4828966258549856,1.3980034894180036,-0.032881193942067455
P1563,2.7368487582059893,1.918529741393814,2.713970845143541,-0.006488406881076991
P1564,2.7408433466013125,1.5047472106468591,1.3060829218533319,-0.033751400187303826
P1565,2.7412565948910466,2.429624555175328,1.2327646725317993,-0.021646907314116892
P1566,2.7691344223059318,4.2647801994646795,2.1728755321543085,-0.021493716476579494
P1567,2.777868011038194,1.549340240834354,1.7594019103745484,-0.037941968949905536
P1568,2.7885243593849256,3.0770596231821012,1.3643216313047093,-0.0729447153288213
P1569,2.793138148761343,2.10735986060787,1.8254961903194753,-0.028095716999505194
P1570,2.8005240408468244,1.7747548158338564,0.35721654055919166,-0.03760575984380077
P1571,2.8232713852088787,3.1428719396011715,1.5518924999080117,-0.05470793374019178
P1572,2.830196143078643,2.0225284563028336,2.3626249839303672,-0.004319332737563353
P1573,2.8424432873561427,1.814961182193452,0.5888498733332893,-0.03401222409486859
P1574,2.8437697801679134,1.854918876482706,1.6736459845042395,-0.03438002835794751
P1575,2.857531791507094,1.9997076362826613,0.285041465073394,-0.07643581975721891
P1576,2.8595542002890992,2.311074165744665,0.9899110519679115,-0.033579128364526145
P1577,2.9013424818186118,1.8714536716354235,0.743564454217177,-0.026257141699420727
P1578,2.959711052907537,2.9652625439657423,2.600413018213116,-0.04631276784992311
P1579,3.0101202733934307,2.320004120068918,0.9704149212870887,-0.024231785807961592
P1580,3.035796514155706,3.2574436358806707,1.6010295404754435,-0.026653126137691885
P1581,3.050286744480979,2.267732322920221,2.332720656381561,-0.0024512062514974176
P1582,3.069019467855895,2.382398532233686,1.1405400648064628,-0.03818899222933514
P1583,3.0798353208563793,2.3034263303513023,0.41949202373895694,-0.1353534088774807
P1584,3.0798353208563793,4.411384412446849,2.066032445934165,-0.07744318537532091
P1585,3.101655267336496,2.627507211748776,1.4365794849202247,-0.04191116210457302
P1586,3.110238297696605,2.334524601029892,2.0561542584937404,-0.00031245405087498845
P1587,3.120818653082785,2.359419162218707,0.5548191082891503,-0.11431603920834121
P1588,3.126970017693161,4.28130816547874,2.6848385770765644,-0.034455088839760895
P1589,3.181337362820971,5.162718254732906,1.9815823253899578,-0.03406557814315936
P1590,3.1947772073838645,2.515619033882791,2.4540160804333624,-0.05509807457273952
P1591,3.2431476901828096,4.786251244051082,1.9699514111907082,-0.080813293425534
P1592,3.2438781375221337,3.7622100237042777,1.8144111314525027,-0.04822322608000784
P1593,3.2566971256864563,2.071022331233936,1.9743752009601587,-0.006956108960782914
P1594,3.2614659977688527,2.9925310324224257,0.8538199134039639,-0.0933737423717631
P1595,3.320457157791708,3.0819101670788744,1.007151003264718,-0.09662381402226139
P1596,3.4154639734074657,3.225857615525578,1.5807991243292208,-0.07304081632653081
P1597,3.4247783670952825,3.239970110471329,1.2278384097386192,-0.0843361207424026
P1598,3.6389089710332594,2.986106628314422,1.9905716569824354,-0.0681997320091432
P1599,3.7014158596235136,5.838158931214289,2.16454332131559,-0.09364796378277662
P1600,3.7420887120603257,3.720735771623384,1.720502325488675,-0.11412131383361301
P1601,3.957813618528229,3.3239358329182616,2.7868488827254154,-0.07602874447408903
